ID,Month,Day,Year,CaptureTime,ReleaseTime,BandNumber,Species,Age,Sex,Wing,Weight,Culmen,Hallux,Tail,CaptureDateTime
1,9,19,1992,13:30,NA,877-76317,RT,I,U,385,920,25.7,30.1,219,1992-09-19T13:30:00Z
3,9,23,1992,12:45,NA,877-76319,RT,I,U,381,990,26.7,31.3,235,1992-09-23T12:45:00Z
4,9,23,1992,10:50,NA,745-49508,CH,I,F,265,470,18.7,23.5,220,1992-09-23T10:50:00Z
5,9,27,1992,11:15,NA,1253-98801,SS,I,F,205,170,12.5,14.3,157,1992-09-27T11:15:00Z
6,9,28,1992,11:25,NA,1207-55910,RT,I,U,412,1090,28.5,32.2,230,1992-09-28T11:25:00Z
7,9,28,1992,13:30,NA,877-76320,RT,I,U,370,960,25.3,30.1,212,1992-09-28T13:30:00Z
8,9,29,1992,11:45,NA,877-76321,RT,A,U,375,855,27.2,30,243,1992-09-29T11:45:00Z
9,9,29,1992,15:35,NA,877-76322,RT,A,U,412,1210,29.3,31.3,210,1992-09-29T15:35:00Z
10,9,30,1992,13:45,NA,1207-55911,RT,I,U,405,1120,26,30.2,238,1992-09-30T13:45:00Z
11,10,5,1992,13:30,NA,877-76323,RT,I,U,393,1010,26.3,30.8,222,1992-10-05T13:30:00Z
12,10,8,1992,13:45,NA,877-76324,RT,I,U,371,1010,25.4,29.7,217,1992-10-08T13:45:00Z
13,10,9,1992,12:30,NA,877-76325,RT,A,U,390,1120,28.9,30.9,213,1992-10-09T12:30:00Z
15,10,11,1992,11:00,NA,1207-55912,RT,I,U,416,1170,26.5,34,243,1992-10-11T11:00:00Z
16,10,11,1992,11:45,NA,1207-55913,RT,A,U,436,1390,30.5,34,232,1992-10-11T11:45:00Z
17,10,11,1992,12:40,NA,877-76326,RT,I,U,418,1150,27.1,31,238,1992-10-11T12:40:00Z
18,10,11,1992,14:20,NA,877-76327,RT,A,U,381,950,28.9,28.9,202,1992-10-11T14:20:00Z
19,10,12,1992,13:40,NA,877-76328,RT,I,U,378,910,25.7,28.2,227,1992-10-12T13:40:00Z
20,10,13,1992,11:00,NA,877-76329,RT,I,U,396,1010,24,26.9,227,1992-10-13T11:00:00Z
21,10,13,1992,14:50,NA,877-76330,RT,I,U,399,1070,26.4,31.2,222,1992-10-13T14:50:00Z
22,10,14,1992,13:15,NA,877-76331,RT,I,U,416,1190,28.8,31.6,237,1992-10-14T13:15:00Z
23,10,17,1992,12:10,NA,877-76332,RT,I,U,415,101,24.9,30.7,238,1992-10-17T12:10:00Z
24,10,22,1992,13:05,NA,877-76333,RT,A,U,392,1330,27,30.3,213,1992-10-22T13:05:00Z
25,10,23,1992,11:45,NA,877-76334,RT,I,U,380,990,26,30,211,1992-10-23T11:45:00Z
27,10,24,1992,14:35,NA,877-76335,RT,I,U,399,1100,26.2,32.5,190,1992-10-24T14:35:00Z
28,10,25,1992,12:05,NA,1207-55914,RT,A,U,401,1190,28.6,31.6,245,1992-10-25T12:05:00Z
29,10,27,1992,10:05,NA,1253-98802,SS,I,F,205,180,11.7,15,164,1992-10-27T10:05:00Z
30,10,27,1992,10:45,NA,608-48703,RT,I,U,427,1490,30.1,32.4,246,1992-10-27T10:45:00Z
31,10,27,1992,15:15,NA,1207-55915,RT,A,U,395,1040,27.1,31.4,207,1992-10-27T15:15:00Z
32,10,30,1992,11:05,NA,877-76336,RT,I,U,362,820,24.9,27.9,209,1992-10-30T11:05:00Z
33,11,3,1992,10:15,NA,1207-55916,RT,A,U,396,1030,26,29.7,200,1992-11-03T10:15:00Z
34,11,8,1992,11:45,NA,1207-55918,RT,A,U,391,1300,25.5,32.4,215,1992-11-08T11:45:00Z
35,11,8,1992,13:30,NA,1207-55919,RT,A,U,413,1500,26.5,31.3,219,1992-11-08T13:30:00Z
36,11,13,1992,10:45,NA,987-53707,RT,A,U,371,1080,25.3,27.2,198,1992-11-13T10:45:00Z
37,11,16,1992,11:15,NA,1207-55920,RT,A,U,385,1320,27.3,30.1,207,1992-11-16T11:15:00Z
38,11,21,1992,14:00,NA,877-76337,RT,A,U,378,1490,25.4,31.3,204,1992-11-21T14:00:00Z
39,11,22,1992,10:08,NA,1207-55921,RT,A,U,416,1500,29.1,30.8,205,1992-11-22T10:08:00Z
40,9,13,1993,14:25,NA,173-19904,SS,I,M,193,100,9.3,25.1098976109215,144,1993-09-13T14:25:00Z
41,9,17,1993,15:25,NA,193-19905,SS,I,M,171,88,9.7,11.5,136,1993-09-17T15:25:00Z
42,9,20,1993,13:45,NA,120407-804,CH,I,U,233,324,16,19.3,191,1993-09-20T13:45:00Z
43,9,21,1993,15:11,NA,877-76339,RT,I,U,384,1060,26.1,31.2,230,1993-09-21T15:11:00Z
44,9,22,1993,13:50,NA,877-76340,RT,I,U,382,1140,25.1,29.4,227,1993-09-22T13:50:00Z
45,9,22,1993,15:55,NA,877-76341,RT,I,U,390,1030,27.6,30.3,208,1993-09-22T15:55:00Z
46,9,27,1993,12:15,NA,877-76342,RT,I,U,390,1000,25.1,28.3,231,1993-09-27T12:15:00Z
47,9,27,1993,13:00,NA,877-76344,RT,I,U,393,1050,28.7,29.8,222,1993-09-27T13:00:00Z
48,9,27,1993,13:20,NA,877-76345,RT,I,U,378,1040,26.2,31.2,225,1993-09-27T13:20:00Z
49,9,27,1993,15:03,NA,877-76346,RT,I,U,398,1110,26.5,30.9,225,1993-09-27T15:03:00Z
50,9,28,1993,11:50,NA,877-76347,RT,I,U,412,1300,27.9,31.55,233,1993-09-28T11:50:00Z
51,9,28,1993,12:45,NA,877-76348,RT,I,U,400,980,25.7,29.3,214,1993-09-28T12:45:00Z
52,9,29,1993,9:53,NA,877-76349,RT,I,U,422,1120,26.4,28.3,233,1993-09-29T09:53:00Z
53,9,29,1993,10:25,NA,1253-98803,SS,I,F,202,134,12.4,13.7,158,1993-09-29T10:25:00Z
54,9,29,1993,15:30,NA,877-76350,RT,I,U,394,1270,27.8,31.6,245,1993-09-29T15:30:00Z
55,9,30,1993,13:25,NA,787-53708,RT,I,U,369,880,25,26.5,210,1993-09-30T13:25:00Z
56,10,1,1993,10:20,NA,745-49512,CH,I,F,252,340,16,20.8,230,1993-10-01T10:20:00Z
57,10,1,1993,10:45,NA,745-49513,CH,A,M,240,340,16.1,19.3,192,1993-10-01T10:45:00Z
58,10,3,1993,13:35,NA,1207-55922,RT,I,U,410,1255,29.7,31.4,229,1993-10-03T13:35:00Z
59,10,4,1993,11:25,NA,1207-55923,RT,I,U,241,1320,28.6,36.4,235,1993-10-04T11:25:00Z
60,10,7,1993,14:40,NA,1207-55924,RT,I,U,408,1320,30,33.4,221,1993-10-07T14:40:00Z
61,10,9,1993,9:38,NA,877-76351,RT,I,U,37.2,1180,20.2,26.65,210,1993-10-09T09:38:00Z
62,10,9,1993,10:20,NA,877-76552,RT,I,U,380,760,24.5,26.1,212,1993-10-09T10:20:00Z
63,10,10,1993,11:25,NA,1207-55927,RT,I,U,396,1250,26.6,32.5,225,1993-10-10T11:25:00Z
65,10,11,1993,11:35,NA,1173-19906,SS,I,M,158,100,10.8,10.5,122,1993-10-11T11:35:00Z
66,10,11,1993,14:00,NA,877-76354,RT,I,U,416,1300,27.3,32.7,235,1993-10-11T14:00:00Z
67,10,12,1993,13:15,NA,745-49515,CH,I,F,271,475,18.2,24.75,232,1993-10-12T13:15:00Z
68,10,13,1993,9:23,NA,1173-19907,SS,A,M,176,100,9.8,11.1,133,1993-10-13T09:23:00Z
70,10,21,1993,9:20,NA,877-76355,RT,A,U,390,1080,30.2,29.1,209,1993-10-21T09:20:00Z
71,10,21,1993,15:30,NA,877-76357,RT,A,U,391,1130,26.4,29.4,212,1993-10-21T15:30:00Z
72,10,22,1993,16:35,NA,877-76358,RT,A,U,387,1160,26.8,31,209,1993-10-22T16:35:00Z
73,10,23,1993,13:05,NA,1207-55941,RT,I,U,420,1345,29.5,34.3,250,1993-10-23T13:05:00Z
74,10,25,1993,14:12,NA,877-76359,RT,A,U,435,1385,32.6,30.6,235,1993-10-25T14:12:00Z
75,10,26,1993,15:55,NA,877-76360,RT,A,U,400,1210,25.5,28.6,222,1993-10-26T15:55:00Z
76,10,31,1993,11:35,NA,1207-55947,RT,I,U,398,1455,28,31.5,236,1993-10-31T11:35:00Z
77,11,5,1993,11:00,NA,877-76361,RT,I,U,395,1180,25,28.9,210,1993-11-05T11:00:00Z
78,11,18,1993,10:37,NA,877-76362,RT,I,U,410,1500,27.1,33.2,239,1993-11-18T10:37:00Z
79,9,6,1994,9:55,NA,1387-99101,RT,I,U,369,1025,27.1,31.5,228,1994-09-06T09:55:00Z
80,9,6,1994,10:40,NA,1387-99102,RT,I,U,372,930,26.1,31.1,220,1994-09-06T10:40:00Z
81,9,7,1994,12:27,NA,1387-99104,RT,I,U,415,1360,28.6,33.5,233,1994-09-07T12:27:00Z
82,9,7,1994,13:35,NA,1387-99103,RT,I,U,412,1255,27.7,32.6,236,1994-09-07T13:35:00Z
83,9,8,1994,12:10,NA,1423-16201,SS,I,F,205,194,12.6,14.4,155,1994-09-08T12:10:00Z
84,9,9,1994,9:02,NA,2003-58433,SS,I,F,204,159,12.5,14.8,152,1994-09-09T09:02:00Z
85,9,9,1994,10:47,NA,872-09611,SS,I,M,170,90,9.5,11.3,135,1994-09-09T10:47:00Z
86,9,12,1994,11:24,NA,1204-45804,CH,A,M,233,340,17.8,19.4,186,1994-09-12T11:24:00Z
87,9,12,1994,13:50,NA,1387-97105,RT,I,U,375,1065,25.9,30,216,1994-09-12T13:50:00Z
88,9,13,1994,11:58,NA,1387-79106,RT,I,U,385,1125,19.6,31.4,233,1994-09-13T11:58:00Z
89,9,15,1994,12:45,NA,1207-64601,RT,I,U,422,1340,28.7,32,248,1994-09-15T12:45:00Z
90,9,15,1994,13:20,NA,1387-79107,RT,I,U,391,1050,26.6,32.2,221,1994-09-15T13:20:00Z
91,9,15,1994,13:35,NA,1387-79108,RT,I,U,410,1210,27.5,25.1098976109215,227,1994-09-15T13:35:00Z
92,9,16,1994,10:23,NA,1387-79109,RT,I,U,385,980,26.8,27.8,223,1994-09-16T10:23:00Z
93,9,16,1994,11:20,NA,1387-79111,RT,I,U,381,1000,25.5,29.8,219,1994-09-16T11:20:00Z
94,8,18,1994,12:05,NA,1207-64602,RT,A,U,416,1390,28.1,31.3,225,1994-08-18T12:05:00Z
95,9,18,1994,13:20,NA,1207-64603,RT,I,U,406,1275,29,33.7,238,1994-09-18T13:20:00Z
96,9,19,1994,12:58,NA,1207-64604,RT,I,U,418,1180,30.1,25.1098976109215,235,1994-09-19T12:58:00Z
97,9,19,1994,14:05,NA,1207-64605,RT,I,U,412,1210,29.3,33.8,222,1994-09-19T14:05:00Z
98,9,20,1994,9:05,NA,2003-58435,SS,A,F,208,168,12.7,14.8,155,1994-09-20T09:05:00Z
99,9,20,1994,9:33,NA,2003-58436,SS,I,F,208,146,11.8,14.9,160,1994-09-20T09:33:00Z
100,9,20,1994,11:04,NA,1423-16203,SS,I,M,175,108,10,11.5,137,1994-09-20T11:04:00Z
101,9,20,1994,12:10,NA,1423-16204,SS,I,M,166,94,9.5,11.3,127,1994-09-20T12:10:00Z
102,9,29,1994,13:55,NA,1387-79112,RT,I,U,405,1085,27.7,29.9,238,1994-09-29T13:55:00Z
103,9,20,1994,14:00,NA,2003-58437,SS,A,F,198,188,12.2,25.1098976109215,150,1994-09-20T14:00:00Z
104,9,29,1994,14:45,NA,2003-58438,SS,I,F,200,154,12.4,14.4,150,1994-09-29T14:45:00Z
105,9,21,1994,13:50,NA,1387-79113,RT,I,U,380,810,25.9,28.7,229,1994-09-21T13:50:00Z
106,9,23,1994,11:48,NA,1387-79114,RT,I,U,381,905,27.9,29.1,227,1994-09-23T11:48:00Z
107,9,26,1994,10:28,NA,872-09612,SS,I,M,169,94,9,10.2,129,1994-09-26T10:28:00Z
108,9,26,1994,10:54,NA,2206-35417,CH,I,F,260,420,19.6,23.9,220,1994-09-26T10:54:00Z
109,9,26,1994,12:10,NA,1207-64606,RT,I,U,428,1240,29.1,34.7,245,1994-09-26T12:10:00Z
110,9,26,1994,14:02,NA,1207-64607,RT,I,U,400,990,26.9,31.4,223,1994-09-26T14:02:00Z
111,9,27,1994,8:00,NA,1705-24603,CH,I,F,265,365,16.8,22.5,224,1994-09-27T08:00:00Z
112,9,27,1994,11:55,NA,1423-16205,SS,I,M,177,91,10.2,11.3,133,1994-09-27T11:55:00Z
113,9,27,1994,15:40,NA,1307-79115,RT,I,U,381,1010,25.8,31.7,210,1994-09-27T15:40:00Z
114,9,28,1994,9:25,NA,1387-79116,RT,I,U,403,980,26.3,29.7,234,1994-09-28T09:25:00Z
115,9,28,1994,11:10,NA,1387-79117,RT,I,U,382,860,26.5,29,219,1994-09-28T11:10:00Z
116,9,28,1994,11:38,NA,1387-79118,RT,I,U,382,970,25.8,29,216,1994-09-28T11:38:00Z
117,9,28,1994,13:02,NA,1387-79119,RT,I,U,399,980,27.5,29.9,230,1994-09-28T13:02:00Z
118,9,29,1994,13:55,NA,1387-79120,RT,I,U,380,985,23.9,29,223,1994-09-29T13:55:00Z
119,9,29,1994,13:16,NA,1387-79121,RT,I,U,375,990,25.6,30.6,220,1994-09-29T13:16:00Z
120,9,30,1994,10:39,NA,1207-64608,RT,I,U,420,1210,27.8,32.6,241,1994-09-30T10:39:00Z
121,10,3,1994,11:13,NA,872-09613,SS,I,M,170,89,8.6,11,136,1994-10-03T11:13:00Z
122,10,3,1994,13:07,NA,872-09614,SS,A,M,177,97,10,11.3,137,1994-10-03T13:07:00Z
123,10,4,1994,13:37,NA,1387-79122,RT,I,U,375,990,28,29.5,223,1994-10-04T13:37:00Z
124,10,4,1994,14:45,NA,1207-64609,RT,I,U,395,1170,28.1,31.7,238,1994-10-04T14:45:00Z
125,10,5,1994,11:55,NA,872-09615,SS,A,M,170,93,10.1,11.2,126,1994-10-05T11:55:00Z
126,10,5,1994,13:55,NA,1207-64610,RT,I,U,406,1350,30.5,32,235,1994-10-05T13:55:00Z
127,10,5,1994,15:17,NA,1207-64611,RT,I,U,414,1370,29.3,33,240,1994-10-05T15:17:00Z
128,10,5,1994,16:00,NA,872-09616,SS,I,M,173,103,9.7,19.4,137,1994-10-05T16:00:00Z
129,10,6,1994,10:45,NA,2003-58439,SS,I,F,209,151,12.2,13.9,160,1994-10-06T10:45:00Z
130,10,6,1994,11:23,NA,872-09617,SS,I,M,177,101,10.3,12.1,140,1994-10-06T11:23:00Z
131,10,7,1994,10:50,NA,1387-79123,RT,I,U,388,985,26.9,29.8,220,1994-10-07T10:50:00Z
132,10,7,1994,11:24,NA,1387-79124,RT,I,U,277,940,26.5,30.4,218,1994-10-07T11:24:00Z
133,10,7,1994,12:15,NA,1207-64612,RT,I,U,423,1310,27.4,34.1,234,1994-10-07T12:15:00Z
134,10,7,1994,15:40,NA,1387-79125,RT,I,U,365,1035,26.1,30.8,232,1994-10-07T15:40:00Z
135,10,7,1994,16:35,NA,1387-79126,RT,I,U,383,965,26.1,31.8,221,1994-10-07T16:35:00Z
136,10,10,1994,11:02,NA,1387-79127,RT,I,U,391,1125,25.4,30.9,220,1994-10-10T11:02:00Z
137,10,10,1994,12:01,NA,1387-79128,RT,I,U,389,975,26.4,30.3,232,1994-10-10T12:01:00Z
138,10,10,1994,12:23,NA,1387-79129,RT,I,U,392,1140,26.2,29.8,214,1994-10-10T12:23:00Z
139,10,10,1994,13:10,NA,1387-79130,RT,I,U,375,950,25.3,29.9,225,1994-10-10T13:10:00Z
140,10,10,1994,13:50,NA,1207-64613,RT,I,U,410,1210,28.1,28.9,238,1994-10-10T13:50:00Z
141,10,10,1994,15:07,NA,872-09618,SS,I,M,179,95,10.8,11.6,133,1994-10-10T15:07:00Z
142,10,11,1994,8:52,NA,872-09619,SS,I,M,172,89,9.4,10.8,136,1994-10-11T08:52:00Z
143,10,11,1994,12:36,NA,2003-58440,SS,A,F,202,195,12.4,14.1,151,1994-10-11T12:36:00Z
144,10,12,1994,11:15,NA,1423-16206,SS,I,M,174,93,9.5,11,131,1994-10-12T11:15:00Z
145,10,13,1994,13:05,NA,1207-64614,RT,I,U,422,1205,28.8,31.3,238,1994-10-13T13:05:00Z
146,10,13,1994,14:00,NA,1387-79131,RT,I,U,385,1045,27.6,27.5,229,1994-10-13T14:00:00Z
147,10,16,1994,12:05,NA,1387-79132,RT,I,U,363,1090,26.6,28.8,202,1994-10-16T12:05:00Z
148,10,16,1994,11:30,NA,1207-64615,RT,I,U,450,1190,30.3,32.8,226,1994-10-16T11:30:00Z
149,10,18,1994,10:00,NA,1287-79133,RT,I,U,380,960,25.6,30.1,220,1994-10-18T10:00:00Z
150,10,18,1994,12:35,NA,1387-79134,RT,I,U,385,955,26.3,30.1,215,1994-10-18T12:35:00Z
151,10,18,1994,13:30,NA,1387-79135,RT,I,U,385,1110,24.7,30.2,122,1994-10-18T13:30:00Z
152,10,19,1994,9:08,NA,872-09620,SS,I,M,171,100,19.1,11.5,134,1994-10-19T09:08:00Z
153,10,19,1994,10:46,NA,1387-79136,RT,I,U,380,900,24,26.5,215,1994-10-19T10:46:00Z
154,10,19,1994,11:27,NA,1387-79137,RT,I,U,384,1075,26.5,30.7,208,1994-10-19T11:27:00Z
155,10,19,1994,12:15,NA,1387-79138,RT,I,U,373,980,27.9,32.1,211,1994-10-19T12:15:00Z
156,10,19,1994,12:55,NA,1387-79139,RT,I,U,381,940,27.8,34.2,220,1994-10-19T12:55:00Z
157,10,19,1994,13:35,NA,1387-79140,RT,I,U,363,1070,25.6,30.4,204,1994-10-19T13:35:00Z
158,10,19,1994,13:50,NA,1387-79141,RT,I,U,409,1120,29.4,31.6,229,1994-10-19T13:50:00Z
159,10,20,1994,12:00,NA,1387-79142,RT,A,U,390,1060,27.6,29,205,1994-10-20T12:00:00Z
160,10,21,1994,10:12,NA,2003-58441,SS,I,F,204,168,12.1,14.3,155,1994-10-21T10:12:00Z
161,10,22,1994,14:45,NA,1423-16207,SS,I,F,197,211,11.5,13.9,150,1994-10-22T14:45:00Z
162,10,23,1994,11:06,NA,1387-79143,RT,I,U,420,1125,27.2,27.4,244,1994-10-23T11:06:00Z
163,10,23,1994,11:36,NA,1387-79144,RT,I,U,381,1100,27,28.2,225,1994-10-23T11:36:00Z
164,10,23,1994,13:09,NA,1207-64616,RT,I,U,408,1360,30,33.9,239,1994-10-23T13:09:00Z
165,10,23,1994,14:25,NA,999-0165,RT,I,U,388,995,26.7,30.7,222,1994-10-23T14:25:00Z
166,10,23,1994,15:00,NA,1387-79146,RT,A,U,398,1095,21.1,31.4,209,1994-10-23T15:00:00Z
167,10,24,1994,9:05,NA,1423-16208,SS,I,F,209,196,12.1,14.6,164,1994-10-24T09:05:00Z
168,10,25,1994,10:25,NA,2003-58442,SS,I,F,209,176,11.7,15.1,159,1994-10-25T10:25:00Z
169,10,25,1994,14:00,NA,1387-079147,RT,A,U,394,1075,25.5,29.7,211,1994-10-25T14:00:00Z
170,10,25,1994,14:19,NA,1423-11209,SS,A,F,204,180,12.3,15.2,160,1994-10-25T14:19:00Z
171,10,26,1994,9.12,NA,1423-16210,SS,I,F,204,164,12.3,14.3,157,1994-10-26T09:12:00Z
172,10,26,1994,10:29,NA,2003-58443,SS,I,F,209,158,12.2,14.4,160,1994-10-26T10:29:00Z
173,10,26,1994,11:39,NA,1387-79148,RT,I,U,394,1140,26.8,29.2,216,1994-10-26T11:39:00Z
174,10,26,1994,14:55,NA,1207-64617,RT,I,U,416,1240,27.9,31.8,250,1994-10-26T14:55:00Z
175,10,26,1994,15:40,NA,1207-64618,RT,I,U,445,1465,29.7,34.6,260,1994-10-26T15:40:00Z
176,10,27,1994,9:15,NA,2003-58444,SS,I,F,209,169,12.1,14.5,164,1994-10-27T09:15:00Z
177,10,27,1994,10:55,NA,1387-79149,RT,I,U,388,1105,26.7,28.9,217,1994-10-27T10:55:00Z
178,10,27,1994,11:50,NA,1387-79150,RT,I,U,397,1010,27.1,31.4,228,1994-10-27T11:50:00Z
179,10,27,1994,12:24,NA,1387-79151,RT,I,U,384,1075,26.3,30.5,218,1994-10-27T12:24:00Z
180,10,27,1994,13:37,NA,1387-79152,RT,I,U,379,1060,27.9,30.9,220,1994-10-27T13:37:00Z
181,10,28,1994,10:05,NA,1387-79199,RT,I,U,393,1015,27.6,31.1,227,1994-10-28T10:05:00Z
182,10,28,1994,10:45,NA,1387-79153,RT,I,U,386,1100,26,30.2,211,1994-10-28T10:45:00Z
183,10,29,1994,11:05,NA,1387-79154,RT,I,U,397,1010,25,30.6,222,1994-10-29T11:05:00Z
184,10,29,1994,11:50,NA,1387-79155,RT,I,U,382,1000,26.3,30.1,225,1994-10-29T11:50:00Z
185,11,1,1994,10:45,NA,1387-79156,RT,I,U,386,980,25.4,30.2,221,1994-11-01T10:45:00Z
186,11,1,1994,11:21,NA,1387-79157,RT,I,U,417,1240,28.7,32.4,231,1994-11-01T11:21:00Z
187,11,2,1994,11:41,NA,1387-79158,RT,I,U,403,1360,27.9,33.1,235,1994-11-02T11:41:00Z
188,11,2,1994,12:26,NA,1204-45805,CH,A,M,239,183,17.3,19.2,182,1994-11-02T12:26:00Z
189,11,2,1994,12:20,NA,1207-64619,RT,I,U,401,1405,29.1,25.1098976109215,235,1994-11-02T12:20:00Z
190,11,2,1994,14:52,NA,1387-79159,RT,A,U,377,1055,27,29.1,200,1994-11-02T14:52:00Z
191,11,6,1994,9:55,NA,1207-64620,RT,A,U,432,1670,27.1,32.9,216,1994-11-06T09:55:00Z
192,11,6,1994,10:30,NA,1207-64621,RT,I,U,390,1250,26.2,30.5,223,1994-11-06T10:30:00Z
193,11,6,1994,11:40,NA,1387-79160,RT,I,U,381,1030,25.3,29.9,210,1994-11-06T11:40:00Z
195,11,7,1994,12:47,NA,1423-16211,SS,I,F,213,190,12.2,15.5,160,1994-11-07T12:47:00Z
196,11,9,1994,9:46,NA,872-09621,SS,I,M,172,105,10,10.8,125,1994-11-09T09:46:00Z
197,11,9,1994,15:02,NA,1807-53101,RT,I,U,390,1090,26.2,28.8,226,1994-11-09T15:02:00Z
198,11,11,1994,10:00,NA,1423-16212,SS,I,F,204,190,11.8,13.9,154,1994-11-11T10:00:00Z
199,11,11,1994,11:59,NA,1387-79162,RT,A,U,386,1050,28.4,29.4,207,1994-11-11T11:59:00Z
200,11,11,1994,14:42,NA,1387-79163,RT,I,U,402,1110,26.1,30,238,1994-11-11T14:42:00Z
201,11,11,1994,15:01,NA,1423-16213,SS,I,F,201,206,12.1,13.5,151,1994-11-11T15:01:00Z
202,11,11,1994,15:23,NA,1423-16214,SS,I,F,202,195,12.1,14.8,158,1994-11-11T15:23:00Z
203,11,15,1994,11:40,NA,1387-79164,RT,A,U,374,1010,24.9,30.1,197,1994-11-15T11:40:00Z
204,11,16,1994,11:15,NA,1807-53103,RT,I,U,358,880,24.2,28.7,250,1994-11-16T11:15:00Z
205,11,16,1994,12:19,NA,1387-79165,RT,I,U,370,1060,24.3,29.8,215,1994-11-16T12:19:00Z
206,11,21,1994,10:40,NA,1387-79166,RT,I,U,390,920,25.7,30,214,1994-11-21T10:40:00Z
207,11,21,1994,13:33,NA,1387-79167,RT,I,U,398,1195,26.2,29.8,230,1994-11-21T13:33:00Z
208,9,8,1995,13:30,NA,1387-170,RT,I,U,360,890,26,28.4,213,1995-09-08T13:30:00Z
209,9,8,1995,14:20,NA,1387-79171,RT,I,U,355,900,25.3,29,214,1995-09-08T14:20:00Z
210,9,13,1995,14:30,NA,1207-64623,RT,A,U,375,1110,22.2,31.5,224,1995-09-13T14:30:00Z
211,9,13,1995,14:45,NA,2003-59463,SS,I,F,200,160,10.2,13.2,153,1995-09-13T14:45:00Z
212,9,14,1995,10:05,NA,972-09622,SS,I,M,179,105,10.1,11.3,131,1995-09-14T10:05:00Z
213,9,15,1995,9:40,NA,2003-58464,SS,I,M,175,99,9.6,12.7,145,1995-09-15T09:40:00Z
214,9,15,1995,9:50,NA,2003-58465,SS,I,F,203,165,12,14.4,165,1995-09-15T09:50:00Z
215,9,15,1995,11:05,NA,2003-58466,SS,I,F,205,100,12,12.5,168,1995-09-15T11:05:00Z
216,9,17,1995,11:20,NA,1343-78401,SS,I,F,213,125,11.5,14.4,156,1995-09-17T11:20:00Z
217,9,17,1995,12:15,NA,1387-79173,RT,I,U,409,1100,29,32.6,215,1995-09-17T12:15:00Z
219,9,18,1995,14:20,NA,1343-78403,SS,I,F,195,155,11.9,14.6,155,1995-09-18T14:20:00Z
220,9,18,1995,15:10,NA,1207-64624,RT,I,U,415,1285,29.5,31.8,239,1995-09-18T15:10:00Z
221,9,19,1995,10:05,NA,1204-45806,CH,A,M,236,390,15.1,20.4,185,1995-09-19T10:05:00Z
222,9,20,1995,10:50,NA,1387-79174,RT,I,U,363,920,26.8,30.2,214,1995-09-20T10:50:00Z
223,9,23,1995,10:10,NA,1387-79175,RT,I,U,381,1025,25.4,30.8,232,1995-09-23T10:10:00Z
224,9,26,1995,11:05,NA,1387-79176,RT,A,U,350,940,26,29.1,205,1995-09-26T11:05:00Z
225,9,26,1995,13:03,NA,1387-79177,RT,I,U,398,1240,28.5,30.8,243,1995-09-26T13:03:00Z
226,9,26,1995,12:55,NA,1207-64625,RT,I,U,412,1160,27.8,33,255,1995-09-26T12:55:00Z
227,9,26,1995,13:55,NA,2003-58467,SS,I,F,203,150,11.5,13.9,159,1995-09-26T13:55:00Z
228,9,27,1995,9:40,NA,2003-58468,SS,I,F,201,130,11.7,14.4,156,1995-09-27T09:40:00Z
229,9,27,1995,12:50,NA,1387-79178,RT,I,U,411,1240,26.8,32.7,276,1995-09-27T12:50:00Z
230,9,27,1995,13:55,NA,1807-53104,RT,I,U,373,930,24.4,27.4,210,1995-09-27T13:55:00Z
231,10,1,1995,10:15,NA,1423-16221,SS,I,M,178,90,10.9,12.1,145,1995-10-01T10:15:00Z
232,10,1,1995,12:04,NA,1207-64626,RT,I,U,415,1240,25.6,31.2,231,1995-10-01T12:04:00Z
233,10,1,1995,12:50,NA,1387-79179,RT,I,U,383,1030,25.2,29.8,216,1995-10-01T12:50:00Z
234,10,2,1995,13:55,NA,1705-24606,CH,I,M,223,550,18.8,21.3,210,1995-10-02T13:55:00Z
235,10,3,1995,11:20,NA,1387-79180,RT,I,U,390,1250,26.5,32,210,1995-10-03T11:20:00Z
236,10,3,1995,11:45,NA,1387-79181,RT,I,U,390,999,25.3,29.8,220,1995-10-03T11:45:00Z
237,10,4,1995,12:20,NA,1387-79182,RT,A,U,365,1120,26.5,30.8,260,1995-10-04T12:20:00Z
238,10,4,1995,12:54,NA,1387-79183,RT,A,U,345,1000,26.4,30.1,200,1995-10-04T12:54:00Z
239,10,5,1995,11:08,NA,1705-24607,CH,I,F,273,530,19.2,24.7,213,1995-10-05T11:08:00Z
240,10,6,1995,12:15,NA,1207-64627,RT,I,U,400,1040,27.7,32.1,230,1995-10-06T12:15:00Z
241,10,6,1995,12:36,NA,1207-64628,RT,I,U,380,1150,27.8,31.1,220,1995-10-06T12:36:00Z
242,10,6,1995,13:05,NA,1207-79184,RT,I,U,330,1000,25.9,30.2,220,1995-10-06T13:05:00Z
243,10,6,1995,13:10,NA,1207-64629,RT,I,U,410,1360,33.3,28.6,235,1995-10-06T13:10:00Z
244,10,7,1995,12:00,NA,1387-79185,RT,I,U,313,930,25.7,28.9,215,1995-10-07T12:00:00Z
245,10,9,1995,11:35,NA,1387-79186,RT,I,U,384,980,25.8,30.4,215,1995-10-09T11:35:00Z
246,10,9,1995,11:50,NA,1207-64660,RT,I,U,409,1260,27.7,31.8,221,1995-10-09T11:50:00Z
247,10,9,1995,12:50,NA,1387-79187,RT,I,U,390,900,27.5,28.6,225,1995-10-09T12:50:00Z
248,10,10,1995,11:50,NA,1207-64630,RT,I,U,411,1300,25.9,31.9,238,1995-10-10T11:50:00Z
249,10,10,1995,14:25,NA,1705-24608,CH,I,F,259,470,16.6,23.4,221,1995-10-10T14:25:00Z
250,10,11,1995,14:25,NA,1387-79188,RT,A,U,380,1040,26.4,30.9,212,1995-10-11T14:25:00Z
251,10,11,1995,14:25,NA,1387-79189,RT,I,U,370,950,27.3,30.5,215,1995-10-11T14:25:00Z
252,10,11,1995,13:15,NA,1387-79190,RT,I,U,415,1320,29.4,33.9,235,1995-10-11T13:15:00Z
253,10,12,1995,10:37,NA,1204-45807,SS,I,F,215,180,14.1,12.7,132,1995-10-12T10:37:00Z
254,10,12,1995,13:20,NA,1387-79191,RT,I,U,410,1280,27.9,32.7,229,1995-10-12T13:20:00Z
255,10,12,1995,14:20,NA,1387-79192,RT,I,U,412,1310,26.1,31.1,251,1995-10-12T14:20:00Z
256,10,12,1995,14:30,NA,1207-64631,RT,A,U,384,910,26.4,28.4,215,1995-10-12T14:30:00Z
257,10,13,1995,12:05,NA,1207-64632,RT,I,U,404,1220,28.6,30.4,225,1995-10-13T12:05:00Z
258,10,13,1995,13:00,NA,1387-79193,RT,I,U,375,920,23.8,28.8,210,1995-10-13T13:00:00Z
259,10,13,1995,15:00,NA,1387-79794,RT,I,U,410,1135,26.4,32.4,267,1995-10-13T15:00:00Z
260,10,14,1995,10:05,NA,1387-79195,RT,I,U,384,940,26.2,29.8,220,1995-10-14T10:05:00Z
261,10,14,1995,13:25,NA,1207-64634,RT,I,U,385,920,25,32.2,238,1995-10-14T13:25:00Z
262,10,14,1995,13:40,NA,1387-79196,RT,I,U,398,1280,28,32.4,248,1995-10-14T13:40:00Z
264,10,15,1995,14:30,NA,1387-79197,RT,I,U,425,1220,27.3,33,241,1995-10-15T14:30:00Z
265,10,15,1995,15:00,NA,1397-79198,RT,I,U,401,1000,26.7,28,212,1995-10-15T15:00:00Z
266,10,16,1995,12:35,NA,1387-79172,RT,I,U,387,1120,26.8,25.1098976109215,221,1995-10-16T12:35:00Z
267,10,16,1995,13:33,NA,1807-53105,RT,I,U,376,925,26,30.8,233,1995-10-16T13:33:00Z
268,10,17,1995,11:10,NA,1423-16223,SS,A,M,171,90,9.9,11.9,138,1995-10-17T11:10:00Z
269,10,17,1995,11:45,NA,1207-64635,RT,A,U,420,1280,27.5,31.8,230,1995-10-17T11:45:00Z
270,10,18,1995,12:20,NA,877-76379,RT,I,U,385,985,27.5,30.8,223,1995-10-18T12:20:00Z
271,10,18,1995,13:05,NA,2107-64631,RT,I,U,405,1350,28.3,32.6,226,1995-10-18T13:05:00Z
272,10,18,1995,13:15,NA,1807-53107,RT,I,U,350,730,24.6,25.7,208,1995-10-18T13:15:00Z
273,10,18,1995,12:00,NA,1387-79200,RT,I,U,388,890,27.8,31.2,231,1995-10-18T12:00:00Z
274,10,18,1995,12:02,NA,877-76380,RT,I,U,398,1020,26.5,31.1,217,1995-10-18T12:02:00Z
275,10,20,1995,10:10,NA,1207-64637,RT,A,U,410,1000,27.1,30.6,230,1995-10-20T10:10:00Z
276,10,23,1995,10:30,NA,2003-58469,SS,I,F,202,150,11.7,14.1,153,1995-10-23T10:30:00Z
277,10,23,1995,12:20,NA,1343-78405,SS,I,F,204,180,11.5,12.4,186,1995-10-23T12:20:00Z
278,11,2,1995,12:05,NA,8777-63481,RT,A,U,382,1020,26.5,29.4,225,1995-11-02T12:05:00Z
279,11,2,1995,13:00,NA,1207-64638,RT,I,U,111,1340,26.85,31.9,226,1995-11-02T13:00:00Z
280,11,20,1995,14:10,NA,1207-64639,RT,I,U,396,1300,27.3,30.5,214,1995-11-20T14:10:00Z
281,11,21,1995,11:45,NA,8777-6382,RT,I,U,363,1015,25.5,30.1,242,1995-11-21T11:45:00Z
282,10,2,1996,9:47,NA,1807-53108,RT,I,U,360,900,30.5,28.8,220,1996-10-02T09:47:00Z
283,10,10,1996,10:45,NA,1207-64640,RT,I,U,390,1000,26.1,29.6,250,1996-10-10T10:45:00Z
284,10,10,1996,11:07,NA,1204-45808,SS,I,M,195,150,12.3,14.6,178,1996-10-10T11:07:00Z
285,10,10,1996,12:15,NA,1207-64641,RT,A,U,390,1050,24.8,32.5,220,1996-10-10T12:15:00Z
286,10,10,1996,13:20,NA,1207-64642,RT,I,U,380,950,24.9,29,240,1996-10-10T13:20:00Z
287,10,14,1996,9:40,NA,1705-24609,CH,I,M,225,350,12.6,26,215,1996-10-14T09:40:00Z
288,10,17,1996,13:05,NA,1705-24610,CH,A,M,247,375,16.9,18.2,160,1996-10-17T13:05:00Z
289,10,18,1996,10:58,NA,1207-64643,RT,A,U,415,1175,28.3,33.2,230,1996-10-18T10:58:00Z
290,10,23,1996,9:25,NA,1387-92101,RT,I,U,354,980,25.8,29.3,220,1996-10-23T09:25:00Z
291,10,24,1996,10:35,NA,1387-92102,RT,A,U,417,1260,29,32.8,234,1996-10-24T10:35:00Z
292,10,24,1996,11:18,NA,1387-92103,RT,I,U,379,1050,25.9,31.3,226,1996-10-24T11:18:00Z
293,10,25,1996,10:40,NA,1207-64644,RT,A,U,412,1330,29.2,32.2,218,1996-10-25T10:40:00Z
294,10,27,1996,16:16,NA,1387-92104,RT,A,U,377,980,28,29.1,209,1996-10-27T16:16:00Z
295,10,28,1996,12:40,NA,1387-92105,RT,I,U,372,920,25.3,30,228,1996-10-28T12:40:00Z
296,10,30,1996,9:25,NA,999-0296,RT,I,U,420,1540,29.9,35.5,235,1996-10-30T09:25:00Z
297,10,30,1996,11:30,NA,1387-92106,RT,I,U,368,1060,25.5,26.9,223,1996-10-30T11:30:00Z
298,11,1,1996,14:05,NA,1207-64645,RT,I,U,406,1420,29.9,32,245,1996-11-01T14:05:00Z
299,11,7,1996,13:20,NA,1705-24611,CH,I,M,225,400,15,20,202,1996-11-07T13:20:00Z
300,9,9,1997,12:01,NA,1387-92125,RT,I,U,392,1142,27.2,33,235,1997-09-09T12:01:00Z
301,9,9,1997,13:06,13:26:00,2003-58576,SS,I,F,191,157,12,13.8,158,1997-09-09T13:06:00Z
302,9,10,1997,10:39,10:53:00,1423-16276,SS,I,M,161,98,10.3,11.7,133,1997-09-10T10:39:00Z
303,9,10,1997,14:35,14:50:00,1387-92127,RT,I,U,365,813,26.2,30.1,221,1997-09-10T14:35:00Z
304,9,11,1997,10:05,10:32:00,1423-16277,SS,I,M,156,94,9.9,11.4,125,1997-09-11T10:05:00Z
305,9,12,1997,11:00,10:20:00,2003-58577,SS,I,F,191,155,16.5,14.4,158,1997-09-12T11:00:00Z
306,9,14,1997,10:46,11:00:00,2003-58578,SS,I,F,198,181,12.5,14.1,159,1997-09-14T10:46:00Z
307,9,14,1997,12:35,12:50:00,872-09631,SS,I,M,160,92,9.8,11,132,1997-09-14T12:35:00Z
308,9,17,1997,12:26,13:10:00,872-09633,SS,I,M,164,98,10.1,11.4,136,1997-09-17T12:26:00Z
309,9,17,1997,13:04,13:45:00,1387-92128,RT,I,U,352,1024,26.6,30.3,216,1997-09-17T13:04:00Z
310,9,17,1997,15:02,14:07:00,1705-24626,CH,I,F,265,464,19.2,24.1,225,1997-09-17T15:02:00Z
311,9,18,1997,11:16,11:28:00,872-09634,SS,I,M,163,100,10.4,11.2,137,1997-09-18T11:16:00Z
312,9,18,1997,14:33,14:45:00,1423-16228,SS,I,F,193,186,12.8,14,155,1997-09-18T14:33:00Z
313,9,19,1997,13:05,13:36:00,1423-16229,SS,I,F,190,164,11.9,14.5,155,1997-09-19T13:05:00Z
314,9,20,1997,10:30,10:42:00,972-04635,SS,I,M,165,98,10.1,11.4,138,1997-09-20T10:30:00Z
316,9,21,1997,11:42,11:50:00,1426-16230,SS,A,F,198,158,12.1,14.5,154,1997-09-21T11:42:00Z
317,9,21,1997,11:55,12:07:00,1387-92129,RT,I,U,370,1023,25.8,30.1,216,1997-09-21T11:55:00Z
318,9,23,1997,13:35,11:55:00,1202-72601,RT,I,U,230,340,16.5,30.5,200,1997-09-23T13:35:00Z
319,9,23,1997,11:43,12:09:00,1705-24627,CH,I,M,194,163,12.2,20,158,1997-09-23T11:43:00Z
320,9,23,1997,12:00,12:24:00,1423-16231,SS,I,F,157,92,9.8,14.7,132,1997-09-23T12:00:00Z
321,9,23,1997,12:13,10:50:00,872-09638,SS,I,M,260,550,19.5,11.2,215,1997-09-23T12:13:00Z
322,9,24,1997,10:19,NA,1705-24628,CH,A,F,377,1119,25.4,23.9,226,1997-09-24T10:19:00Z
323,9,24,1997,11:20,NA,1387-92130,RT,I,U,364,917,26,29.6,216,1997-09-24T11:20:00Z
324,9,25,1997,10:45,NA,1387-92131,RT,I,U,367,946,26.7,28.9,221,1997-09-25T10:45:00Z
325,9,25,1997,11:00,NA,1387-92132,RT,I,U,233,337,15.7,31.9,196,1997-09-25T11:00:00Z
326,9,25,1997,12:05,NA,1204-45809,CH,I,M,336,742,23.4,18.8,221,1997-09-25T12:05:00Z
327,9,26,1997,10:10,NA,1423-16233,SS,I,F,259,439,18.8,15.2,218,1997-09-26T10:10:00Z
328,9,26,1997,10:59,NA,1705-24629,CH,I,F,199,187,12.2,24.2,157,1997-09-26T10:59:00Z
329,9,26,1997,13:35,13:52:00,1423-16232,SS,I,F,165,92,9.7,14.6,135,1997-09-26T13:35:00Z
330,9,26,1997,13:36,14:40:00,872-09639,SS,I,M,370,1094,27.3,11.5,221,1997-09-26T13:36:00Z
331,9,26,1997,14:26,NA,1387-92133,RT,I,U,362,832,23.8,32.6,210,1997-09-26T14:26:00Z
333,9,30,1997,12:50,NA,1387-92134,RT,I,U,368,1244,26.7,30.2,220,1997-09-30T12:50:00Z
334,10,1,1997,10:50,11:00:00,1387-92135,RT,I,U,367,974,25.2,29.6,221,1997-10-01T10:50:00Z
335,10,1,1997,11:58,12:27:00,1387-92136,RT,I,U,400,1289,28.6,32.1,242,1997-10-01T11:58:00Z
336,10,1,1997,12:25,12:41:00,1387-92137,RT,I,U,379,999,28.3,32,220,1997-10-01T12:25:00Z
337,10,1,1997,12:32,12:59:00,1387-92138,RT,I,U,360,994,26.5,30.4,210,1997-10-01T12:32:00Z
338,10,1,1997,12:57,13:14:00,1387-92139,RT,I,U,362,1004,27,31.4,221,1997-10-01T12:57:00Z
339,10,2,1997,11:52,12:05:00,1387-92140,RT,I,U,378,1097,28.9,33.4,236,1997-10-02T11:52:00Z
340,10,2,1997,13:17,13:32:00,1423-16234,SS,I,F,201,185,13.1,14.5,162,1997-10-02T13:17:00Z
341,10,6,1997,12:01,12:21:00,1423-16235,SS,I,M,193,181,12.8,11.5,150,1997-10-06T12:01:00Z
342,10,6,1997,14:08,14:37:00,1387-92141,RT,I,U,372,1092,27.2,31.8,235,1997-10-06T14:08:00Z
343,10,8,1997,10:00,10:25:00,1387-92142,RT,I,U,369,1049,30.1,32,231,1997-10-08T10:00:00Z
344,10,8,1997,11:52,12:13:00,1387-92143,RT,I,U,354,998,27.2,29.2,227,1997-10-08T11:52:00Z
345,10,9,1997,9:57,11:07:00,1387-92144,RT,I,U,367,1091,31.8,34.2,238,1997-10-09T09:57:00Z
346,10,9,1997,13:00,13:32:00,1387-92145,RT,I,U,349,987,29,31.1,225,1997-10-09T13:00:00Z
347,10,9,1997,13:27,13:57:00,1387-92146,RT,I,U,375,1151,34.1,33.7,249,1997-10-09T13:27:00Z
348,10,9,1997,14:27,14:50:00,1387-92147,RT,I,U,343,971,25.1,26.1,213,1997-10-09T14:27:00Z
349,10,9,1997,14:58,15:15:00,1387-92148,RT,I,U,360,1159,32.9,34,240,1997-10-09T14:58:00Z
350,10,10,1997,11:45,12:00:00,1387-92149,RT,I,U,395,1239,26.7,33.2,231,1997-10-10T11:45:00Z
351,10,10,1997,11:55,12:08:00,1397-92150,RT,I,U,400,1216,28.5,32.1,227,1997-10-10T11:55:00Z
352,10,10,1997,12:10,12:30:00,1423-16236,SS,A,F,170,177,12.3,14.4,155,1997-10-10T12:10:00Z
353,10,13,1997,14:21,14:45:00,1705-24630,CH,I,F,268,469,20,24.9,227,1997-10-13T14:21:00Z
354,10,14,1997,11:52,12:05:00,1387-92151,RT,I,U,369,1039,26.9,29.5,223,1997-10-14T11:52:00Z
355,10,14,1997,14:15,14:30:00,1387-92152,RT,I,U,365,1079,25.2,30,228,1997-10-14T14:15:00Z
356,10,16,1997,13:05,13:25:00,1387-92153,RT,A,U,375,1159,33.8,32.7,242,1997-10-16T13:05:00Z
357,10,17,1997,10:00,NA,1423-16238,SS,I,M,230,162,12.3,13.8,149,1997-10-17T10:00:00Z
358,10,17,1997,14:35,15:00:00,12044-5876,CH,A,M,213,339,23.5,13.8,184,1997-10-17T14:35:00Z
359,10,20,1997,11:21,11:35:00,1387-92154,RT,A,U,382,1403,34.9,34.7,247,1997-10-20T11:21:00Z
360,10,20,1997,12:34,12:50:00,1423-16239,SS,I,M,168,175,12.9,14,158,1997-10-20T12:34:00Z
361,10,20,1997,12:49,13:05:00,1387-92155,RT,A,U,478,1473,39.2,25.1098976109215,267,1997-10-20T12:49:00Z
362,10,20,1997,13:05,13:20:00,1387-92157,RT,I,U,469,1001,29.9,25.1098976109215,257,1997-10-20T13:05:00Z
363,10,21,1997,12:16,12:33:00,1423-16278,SS,I,M,172,98,8.7,10.9,148,1997-10-21T12:16:00Z
364,10,21,1997,13:47,14:10:00,1387-92156,RT,I,U,373,914,25.9,30.4,221,1997-10-21T13:47:00Z
365,10,23,1997,12:10,12:36:00,1387-92158,RT,A,U,386,1059,25.5,30.5,214,1997-10-23T12:10:00Z
366,10,23,1997,14:36,15:03:00,1207-72603,RT,I,U,384,1147,29,35,229,1997-10-23T14:36:00Z
367,10,31,1997,11:00,11:47:00,1807-53127,RT,I,U,351,949,26.8,29.7,213,1997-10-31T11:00:00Z
368,10,31,1997,11:50,12:14:00,872-09640,SS,I,M,168,102,9.6,11.9,138,1997-10-31T11:50:00Z
369,11,1,1997,12:21,12:34:00,1807-53128,RT,I,U,363,973,24.8,27.3,213,1997-11-01T12:21:00Z
370,11,1,1997,14:22,14:34:00,1423-16240,SS,I,F,199,196,12.4,15.2,158,1997-11-01T14:22:00Z
371,11,3,1997,11:30,12:01:00,12044-5877,CH,I,M,235,327,16.5,20.3,193,1997-11-03T11:30:00Z
372,11,3,1997,12:15,NA,1387-92159,RT,A,U,374,1064,26,32.1,201,1997-11-03T12:15:00Z
373,11,3,1997,12:52,NA,1807-53129,RT,I,U,369,749,24,26.8,216,1997-11-03T12:52:00Z
374,11,6,1997,11:22,11:41:00,1343-78476,SS,I,F,202,201,11.7,14.9,165,1997-11-06T11:22:00Z
375,11,7,1997,11:26,11:46:00,1423-16241,SS,I,F,202,180,12.4,14.1,160,1997-11-07T11:26:00Z
376,11,10,1997,12:30,12:49:00,1387-92160,RT,I,U,374,1213,24.9,28,244,1997-11-10T12:30:00Z
377,11,11,1997,11:10,11:35:00,1387-92161,RT,I,U,389,1200,28.2,30.8,230,1997-11-11T11:10:00Z
378,11,15,1997,12:54,13:08:00,1387-92162,RT,I,U,379,1040,25.3,29.4,227,1997-11-15T12:54:00Z
379,11,18,1997,11:25,NA,872-09641,SS,I,M,170,113,10.6,11.1,139,1997-11-18T11:25:00Z
380,9,20,1998,14:45,NA,1387-92166,RT,I,U,373,919,24.2,28.5,233,1998-09-20T14:45:00Z
381,9,21,1998,11:45,NA,1207-72604,RT,I,U,403,1487,26,32.5,240,1998-09-21T11:45:00Z
382,10,1,1998,10:42,NA,1207-72606,RT,I,U,400,1254,25.2,30,237,1998-10-01T10:42:00Z
383,10,8,1998,9:45,NA,2003-58581,SS,A,F,205,156,10.8,14.1,144,1998-10-08T09:45:00Z
384,10,8,1998,10:45,NA,1207-72607,RT,I,U,405,1189,27.7,31.3,210,1998-10-08T10:45:00Z
385,10,8,1998,14:10,NA,1387-92173,RT,I,U,382,979,24.8,27.9,225,1998-10-08T14:10:00Z
386,10,9,1998,11:15,NA,1142-19209,SS,A,M,165,96,10.7,11.4,125,1998-10-09T11:15:00Z
387,10,9,1998,12:10,NA,1387-92174,RT,I,U,407,1339,27.3,33.4,246,1998-10-09T12:10:00Z
388,10,9,1998,12:25,NA,1387-92175,RT,I,U,403,1199,28.8,31,225,1998-10-09T12:25:00Z
389,10,10,1998,11:00,NA,1207-72608,RT,I,U,406,1344,27.9,33.1,230,1998-10-10T11:00:00Z
390,10,10,1998,12:05,NA,1387-92196,RT,I,U,381,969,26.1,31.1,220,1998-10-10T12:05:00Z
391,10,12,1998,10:15,NA,1387-92177,RT,I,U,395,1039,26,29.7,230,1998-10-12T10:15:00Z
392,10,12,1998,11:45,NA,1207-72609,RT,I,U,410,1054,28.5,31.5,233,1998-10-12T11:45:00Z
393,10,12,1998,14:30,NA,1204-45878,CH,A,F,243,334,17.5,19.2,196,1998-10-12T14:30:00Z
394,10,14,1998,13:30,NA,1423-16242,SS,I,M,170,101,9.8,11,135,1998-10-14T13:30:00Z
395,10,15,1998,14:35,NA,1343-78477,SS,A,F,210,181,12.2,15,170,1998-10-15T14:35:00Z
396,10,21,1998,10:40,NA,1207-72610,RT,A,U,425,1449,30.3,33,232,1998-10-21T10:40:00Z
397,10,22,1998,14:01,NA,1387-92178,RT,I,U,402,985,26.6,29.8,234,1998-10-22T14:01:00Z
398,10,26,1998,10:17,NA,1387-92180,RT,A,U,480,1598,34.2,35.4,239,1998-10-26T10:17:00Z
399,10,26,1998,12:15,NA,1387-92181,RT,I,U,412,992,30.1,31.5,230,1998-10-26T12:15:00Z
400,10,29,1998,10:25,NA,1705-24634,CH,I,F,260,569,19.1,24,227,1998-10-29T10:25:00Z
401,11,2,1998,11:55,NA,1207-72611,RT,A,U,381,1354,28.2,32,213,1998-11-02T11:55:00Z
402,11,3,1998,14:53,NA,1207-72612,RT,A,U,392,969,25.9,29,207,1998-11-03T14:53:00Z
403,11,4,1998,10:35,NA,9387-92182,RT,I,U,382,1080,25.3,31,214,1998-11-04T10:35:00Z
404,11,4,1998,12:10,NA,1343-78478,SS,A,F,196,185,12.5,14,146,1998-11-04T12:10:00Z
405,11,9,1998,1:31,NA,1387-92183,RT,A,U,391,1097,27.9,32.8,217,1998-11-09T01:31:00Z
406,11,11,1998,11:48,NA,1207-72613,RT,A,U,397,1439,28.8,31.4,216,1998-11-11T11:48:00Z
408,11,11,1998,14:15,NA,1387-92184,RT,I,U,376,1019,25.8,29.5,216,1998-11-11T14:15:00Z
409,11,12,1998,14:00,NA,1207-726114,RT,A,U,410,1239,29.5,31.8,222,1998-11-12T14:00:00Z
410,11,18,1998,11:30,NA,1207-72615,RT,I,U,381,1399,27.6,31.3,288,1998-11-18T11:30:00Z
411,11,19,1998,13:07,NA,1387-92185,RT,I,U,396,1169,27.5,25.2,238,1998-11-19T13:07:00Z
412,11,20,1998,10:30,NA,1387-92186,RT,I,U,383,1164,27,29.9,199,1998-11-20T10:30:00Z
413,11,20,1998,11:52,NA,1343-78479,SS,I,F,203,176,11.5,14.7,161,1998-11-20T11:52:00Z
415,9,7,1999,11:00,NA,1205-24636,CH,I,F,255,429,19,22.9,208,1999-09-07T11:00:00Z
416,9,10,1999,11:05,NA,1423-16243,SS,I,F,196,160,12.3,14.7,137,1999-09-10T11:05:00Z
417,9,13,1999,10:15,NA,872-09646,SS,I,M,168,105,10.2,11,143,1999-09-13T10:15:00Z
418,9,14,1999,15:30,NA,1387-92188,RT,I,U,392,890,24.1,29.2,219,1999-09-14T15:30:00Z
419,9,16,1999,12:08,NA,1142-19210,SS,I,M,163,100,9.7,11.6,128,1999-09-16T12:08:00Z
421,9,18,1999,12:08,NA,1207-72616,RT,I,U,395,1215,28.3,33,236,1999-09-18T12:08:00Z
422,9,18,1999,15:08,NA,1142-19211,SS,I,M,163,100,9.9,11.3,131,1999-09-18T15:08:00Z
423,9,18,1999,15:45,NA,1387-92189,RT,I,U,370,1030,27.6,31.4,225,1999-09-18T15:45:00Z
424,9,20,1999,10:17,NA,1204-45867,CH,A,M,225,340,15.7,19.4,190,1999-09-20T10:17:00Z
425,9,21,1999,12:12,NA,1213-58901,SS,I,F,197,165,11.9,9.6,150,1999-09-21T12:12:00Z
426,9,21,1999,13:00,NA,1387-92190,RT,I,U,376,985,26.4,30.3,223,1999-09-21T13:00:00Z
427,9,22,1999,10:55,NA,1387-92191,RT,I,U,372,975,26.5,31.6,225,1999-09-22T10:55:00Z
428,9,23,1999,11:11,NA,1207-72617,RT,I,U,391,1165,28.2,32.4,241,1999-09-23T11:11:00Z
429,9,24,1999,12:30,NA,1142-19212,SS,I,U,165,95,9.7,11.2,136,1999-09-24T12:30:00Z
430,9,24,1999,14:24,NA,1387-92192,RT,I,U,364,1044,23.5,29,210,1999-09-24T14:24:00Z
431,9,25,1999,11:35,NA,2003-99307,SS,A,F,202,180,12.9,15,160,1999-09-25T11:35:00Z
432,9,25,1999,12:00,NA,1142-19213,SS,I,M,163,125,9.7,10.9,135,1999-09-25T12:00:00Z
434,9,25,1999,14:10,NA,1387-92194,RT,I,U,375,890,24.6,28,219,1999-09-25T14:10:00Z
435,9,26,1999,12:55,NA,1387-92195,RT,I,U,392,1105,26.4,33.6,229,1999-09-26T12:55:00Z
436,9,29,1999,13:08,NA,1207-72618,RT,A,U,398,1310,28.3,35.2,211,1999-09-29T13:08:00Z
437,9,30,1999,9:20,NA,1387-19197,RT,I,U,371,895,26.8,31,204,1999-09-30T09:20:00Z
438,9,30,1999,12:31,NA,1387-19298,RT,A,U,367,1060,26.8,31,204,1999-09-30T12:31:00Z
439,9,30,1999,13:10,NA,2003-99308,SS,A,F,193,165,13.2,14.6,146,1999-09-30T13:10:00Z
440,10,2,1999,10:25,NA,1387-19299,RT,A,U,375,960,28.9,29.3,214,1999-10-02T10:25:00Z
441,10,4,1999,13:21,NA,1387-19220,RT,I,U,408,1270,29.4,33,236,1999-10-04T13:21:00Z
442,10,4,1999,15:10,NA,999-0442,CH,A,F,252,540,20,28.8,185,1999-10-04T15:10:00Z
443,10,5,1999,9:38,NA,1204-45868,CH,A,M,237,365,17.3,19.9,195,1999-10-05T09:38:00Z
444,10,5,1999,10:43,NA,1177-04601,RT,I,U,399,1170,28.3,29.9,247,1999-10-05T10:43:00Z
445,10,6,1999,9:45,NA,1705-24637,CH,A,F,268,590,20,19.9,215,1999-10-06T09:45:00Z
446,10,7,1999,12:40,NA,1207-72619,RT,I,U,388,1225,29,31.5,227,1999-10-07T12:40:00Z
447,10,8,1999,13:39,NA,2003-99309,SS,A,F,200,175,12.3,15.6,155,1999-10-08T13:39:00Z
448,10,11,1999,11:13,NA,2003-99310,SS,I,F,192,170,12.4,15.5,159,1999-10-11T11:13:00Z
449,10,11,1999,13:11,NA,1142-19214,SS,A,M,167,100,10,11.3,132,1999-10-11T13:11:00Z
450,10,11,1999,15:00,NA,1177-04699,RT,I,U,370,1060,26.6,31.9,225,1999-10-11T15:00:00Z
451,10,11,1999,15:00,NA,1142-19215,SS,A,M,162,110,10,11.8,130,1999-10-11T15:00:00Z
452,10,12,1999,11:05,NA,1177-04602,RT,I,U,363,850,25.5,30,220,1999-10-12T11:05:00Z
453,10,12,1999,11:20,NA,1177-04603,RT,I,U,371,1145,25.5,10.3,215,1999-10-12T11:20:00Z
454,10,13,1999,9:01,NA,2003-99311,SS,A,F,199,165,12.5,15.7,161,1999-10-13T09:01:00Z
455,10,14,1999,9:23,NA,1177-04604,RT,I,U,386,1090,26.1,28.2,226,1999-10-14T09:23:00Z
456,10,14,1999,9:52,NA,1207-72620,RT,I,U,400,1345,32.6,33.9,227,1999-10-14T09:52:00Z
457,10,14,1999,13:15,NA,1177-04605,RT,I,U,390,1050,26.6,29,236,1999-10-14T13:15:00Z
458,10,14,1999,13:49,NA,2003-99312,SS,A,F,199,200,12.5,14.9,169,1999-10-14T13:49:00Z
459,10,14,1999,14:45,NA,1705-24639,CH,A,F,254,505,19.6,24,212,1999-10-14T14:45:00Z
460,10,15,1999,10:08,NA,1177-14606,RT,A,U,382,1040,27.1,30.8,210,1999-10-15T10:08:00Z
461,10,15,1999,10:50,NA,803-05929,SS,A,F,196,155,12.7,14.3,164,1999-10-15T10:50:00Z
462,10,15,1999,11:29,NA,1177-04607,RT,I,U,354,965,26.2,28.5,226,1999-10-15T11:29:00Z
463,10,15,1999,12:27,NA,1177-04608,RT,I,U,403,1105,28.9,33.2,242,1999-10-15T12:27:00Z
464,10,15,1999,13:35,NA,2003-99313,SS,I,F,194,155,12.6,13.7,153,1999-10-15T13:35:00Z
465,10,15,1999,14:08,NA,1177-04609,RT,I,U,375,1045,27.2,30,221,1999-10-15T14:08:00Z
466,10,15,1999,14:39,NA,1807-53131,RT,I,U,369,900,24.4,27.3,220,1999-10-15T14:39:00Z
467,10,15,1999,15:33,NA,1177-04610,RT,I,U,368,1015,25.7,30.3,219,1999-10-15T15:33:00Z
468,10,16,1999,13:05,NA,1177-04611,RT,A,U,393,1385,27.9,32.6,225,1999-10-16T13:05:00Z
469,10,20,1999,11:28,NA,1177-04612,RT,I,U,370,1165,26,31.5,221,1999-10-20T11:28:00Z
470,10,20,1999,13:07,NA,1177-04613,RT,I,U,378,905,28,32.3,215,1999-10-20T13:07:00Z
471,10,21,1999,11:50,NA,1177-04614,RT,I,U,369,985,26,31.1,223,1999-10-21T11:50:00Z
472,10,21,1999,13:56,NA,1807-53132,RT,I,U,364,800,25.5,28.6,219,1999-10-21T13:56:00Z
473,10,22,1999,9:40,NA,1177-06415,RT,I,U,387,995,26.9,31.4,235,1999-10-22T09:40:00Z
474,10,23,1999,10:40,NA,1207-72621,RT,A,U,410,1460,29.4,33.6,216,1999-10-23T10:40:00Z
475,10,23,1999,11:39,NA,2003-99314,SS,I,F,194,165,11.9,14.1,151,1999-10-23T11:39:00Z
476,10,25,1999,14:00,NA,1207-72622,RT,A,U,410,1585,30.6,39.8,130,1999-10-25T14:00:00Z
477,10,27,1999,11:48,NA,803-05930,SS,A,F,194,185,13.1,15.5,154,1999-10-27T11:48:00Z
478,10,27,1999,12:55,NA,1177-04616,RT,I,U,373,920,25,28.3,223,1999-10-27T12:55:00Z
479,11,1,1999,12:55,NA,1207-72623,RT,I,U,390,1460,29.3,35.6,221,1999-11-01T12:55:00Z
480,11,2,1999,10:00,NA,1207-72624,RT,A,U,404,1315,30,32.5,220,1999-11-02T10:00:00Z
481,11,2,1999,11:35,NA,1177-04617,RT,I,U,375,1019,26,29.9,186,1999-11-02T11:35:00Z
482,11,3,1999,10:27,NA,1207-72625,RT,I,U,395,1215,29.7,31.3,217,1999-11-03T10:27:00Z
483,11,3,1999,14:30,NA,1177-04618,RT,I,U,379,1005,27.8,31.4,209,1999-11-03T14:30:00Z
484,11,4,1999,12:15,NA,1207-72626,RT,I,U,382,1350,27.9,29.9,215,1999-11-04T12:15:00Z
485,11,4,1999,14:00,NA,1207-72627,RT,I,U,404,1145,27.7,31.8,214,1999-11-04T14:00:00Z
486,11,5,1999,10:48,NA,2003-99315,SS,A,F,205,175,12.25,15.5,169,1999-11-05T10:48:00Z
487,11,5,1999,14:10,NA,1177-04619,RT,A,U,377,1010,25.4,29,207,1999-11-05T14:10:00Z
488,11,6,1999,11:54,NA,2003-99316,SS,I,M,184,155,12,14.9,153,1999-11-06T11:54:00Z
489,11,8,1999,12:25,NA,1177-04620,RT,I,U,390,1120,26.6,30,210,1999-11-08T12:25:00Z
490,11,9,1999,10:25,NA,1177-14621,RT,A,U,404,280,28.2,31.55,224,1999-11-09T10:25:00Z
491,11,10,1999,10:15,NA,1177-04622,RT,I,U,351,775,25.4,29.3,200,1999-11-10T10:15:00Z
492,11,10,1999,12:45,NA,1207-72628,RT,I,U,394,1210,29.4,31.7,207,1999-11-10T12:45:00Z
493,11,10,1999,1:15,NA,1142-19227,SS,A,M,175,107,10,11.4,137,1999-11-10T01:15:00Z
494,11,12,1999,13:50,NA,1807-53133,RT,A,U,372,909,24.4,25.4,212,1999-11-12T13:50:00Z
495,11,13,1999,10:30,NA,1142-19228,SS,I,M,169,95,10,11.85,132,1999-11-13T10:30:00Z
496,11,13,1999,11:30,NA,1177-04623,RT,I,U,376,1145,25.1,31.55,226,1999-11-13T11:30:00Z
497,11,13,1999,12:05,NA,1177-04624,RT,I,U,399,1150,27.2,29.55,232,1999-11-13T12:05:00Z
498,11,17,1999,13:11,NA,1207-72629,RT,I,U,399,1560,30,33.85,228,1999-11-17T13:11:00Z
499,11,19,1999,9:58,NA,1177-04625,RT,I,U,357,940,23.6,28.35,205,1999-11-19T09:58:00Z
500,9,7,2000,10:30,NA,2003-94317,SS,I,F,195,145,11.7,14.6,155,2000-09-07T10:30:00Z
501,9,7,2000,13:25,NA,1207-22630,RT,I,U,400,1089,27.3,33.1,228,2000-09-07T13:25:00Z
502,9,9,2000,9:29,NA,1207-72631,RT,I,U,382,1194,29.4,33.8,237,2000-09-09T09:29:00Z
503,9,9,2000,9:38,NA,1142-18229,SS,I,M,161,95,10.1,11.3,135,2000-09-09T09:38:00Z
504,9,13,2000,9:35,NA,1177-04626,RT,I,U,390,1015,28,30.1,230,2000-09-13T09:35:00Z
505,9,13,2000,10:35,NA,1177-04627,RT,I,U,379,975,24.1,29.1,219,2000-09-13T10:35:00Z
506,9,13,2000,11:35,NA,1177-04628,RT,I,U,376,1035,26.8,30.5,223,2000-09-13T11:35:00Z
507,9,13,2000,12:10,NA,1177-04629,RT,A,U,331,1055,27,30.4,210,2000-09-13T12:10:00Z
508,9,13,2000,14:02,NA,1177-04630,RT,I,U,371,945,26.1,30.2,222,2000-09-13T14:02:00Z
509,9,14,2000,11:34,NA,1213-58902,SS,I,M,160,90,11,11.8,124,2000-09-14T11:34:00Z
510,9,15,2000,14:12,NA,1177-04631,RT,I,U,361,785,25.2,28.7,201,2000-09-15T14:12:00Z
511,9,16,2000,12:23,NA,1705-37411,CH,A,F,268,56,19.3,26.1,206,2000-09-16T12:23:00Z
512,9,18,2000,12:05,NA,1207-72632,RT,I,U,394,1220,30.3,34.5,234,2000-09-18T12:05:00Z
513,9,18,2000,12:35,NA,2003-99318,SS,A,F,191,175,13,15.3,149,2000-09-18T12:35:00Z
514,9,18,2000,13:39,NA,1207-77633,RT,A,U,358,1025,27.4,29,204,2000-09-18T13:39:00Z
515,9,18,2000,14:33,NA,1177-04632,RT,I,U,380,1000,26.9,29,204,2000-09-18T14:33:00Z
516,9,21,2000,10:40,NA,803-05931,SS,A,F,188,175,12.1,14.2,154,2000-09-21T10:40:00Z
517,9,21,2000,11:35,NA,1207-72634,RT,I,U,397,1210,28.3,34,224,2000-09-21T11:35:00Z
518,9,21,2000,12:58,NA,803-05932,SS,A,F,196,180,13.1,13.9,150,2000-09-21T12:58:00Z
519,9,21,2000,13:32,NA,803-05933,SS,A,F,190,175,12.8,14.6,147,2000-09-21T13:32:00Z
520,9,22,2000,13:34,NA,1142-19230,SS,I,M,161,90,9.8,11.1,130,2000-09-22T13:34:00Z
521,9,25,2000,9:50,NA,1705-37412,CH,A,F,145,320,16.5,20.5,180,2000-09-25T09:50:00Z
522,9,25,2000,12:06,NA,1207-72635,RT,I,U,392,1185,28.5,33,229,2000-09-25T12:06:00Z
524,9,25,2000,13:18,NA,1204-45869,CH,I,M,230,350,16.4,21.3,187,2000-09-25T13:18:00Z
526,9,26,2000,10:35,NA,1177-04633,RT,I,U,363,950,24.6,30.3,214,2000-09-26T10:35:00Z
527,9,26,2000,11:40,NA,1142-19231,SS,I,M,162,85,10.1,11.4,132,2000-09-26T11:40:00Z
528,9,26,2000,12:10,NA,1177-04634,RT,I,U,374,895,26.4,30.8,219,2000-09-26T12:10:00Z
529,9,26,2000,12:40,NA,1177-04635,RT,I,U,412,1150,27.8,33.2,230,2000-09-26T12:40:00Z
530,9,26,2000,13:23,NA,2206-35431,CH,I,F,272,565,20.7,24,219,2000-09-26T13:23:00Z
531,9,26,2000,14:25,NA,1177-04636,RT,I,U,388,950,26.5,32.2,230,2000-09-26T14:25:00Z
532,9,27,2000,11:30,NA,1177-04637,RT,I,U,371,990,26.9,29.7,217,2000-09-27T11:30:00Z
533,9,27,2000,12:20,NA,1204-45870,CH,I,M,225,325,15.8,18.7,179,2000-09-27T12:20:00Z
534,9,27,2000,13:00,NA,1207-72637,RT,I,U,391,1120,29,33.9,225,2000-09-27T13:00:00Z
535,9,28,2000,14:30,NA,1142-19232,SS,I,M,163,90,9.8,11.5,123,2000-09-28T14:30:00Z
536,9,29,2000,10:25,NA,1207-72638,RT,I,F,410,1120,28.5,33.6,229,2000-09-29T10:25:00Z
537,9,29,2000,11:47,NA,1177-04638,RT,I,U,368,820,25.2,28.7,215,2000-09-29T11:47:00Z
538,9,29,2000,13:00,NA,1177-04639,RT,I,F,410,1200,26.7,29.4,247,2000-09-29T13:00:00Z
539,9,29,2000,13:30,NA,1207-74639,RT,A,F,425,1120,29.4,33.3,222,2000-09-29T13:30:00Z
540,9,30,2000,13:30,NA,1177-04640,RT,I,U,368,1120,24.7,30.8,220,2000-09-30T13:30:00Z
541,9,30,2000,15:01,NA,1207-74640,RT,I,U,392,1220,27.3,34.1,234,2000-09-30T15:01:00Z
542,10,1,2000,14:00,NA,1705-37413,SS,I,M,250,470,18.9,25.3,192,2000-10-01T14:00:00Z
543,10,1,2000,14:50,NA,1207-72641,RT,I,U,418,1310,29.1,31.9,248,2000-10-01T14:50:00Z
544,10,2,2000,13:20,NA,1177-04641,RT,I,U,370,920,26.8,29.7,221,2000-10-02T13:20:00Z
545,10,3,2000,10:52,NA,1142-19233,SS,A,M,170,100,10.9,12.2,132,2000-10-03T10:52:00Z
546,10,3,2000,14:05,NA,803-05935,SS,A,F,203,180,13.2,15.6,162,2000-10-03T14:05:00Z
547,10,4,2000,10:40,NA,1177-04642,RT,A,U,370,955,26.5,30.5,218,2000-10-04T10:40:00Z
548,10,4,2000,11:56,NA,1207-72642,RT,A,U,408,1225,28.8,32.7,225,2000-10-04T11:56:00Z
549,10,6,2000,12:59,NA,1207-72643,RT,A,U,393,1400,27.9,35.3,215,2000-10-06T12:59:00Z
550,10,7,2000,9:55,NA,1177-04643,RT,I,U,365,1025,24.6,30.1,225,2000-10-07T09:55:00Z
551,10,7,2000,10:27,NA,1207-72644,RT,I,U,405,1140,28.2,31.9,244,2000-10-07T10:27:00Z
552,10,7,2000,10:43,NA,1207-72645,RT,I,U,381,1080,26.1,31.6,232,2000-10-07T10:43:00Z
553,10,7,2000,12:24,NA,1177-04644,RT,I,U,390,1135,27.6,31.1,238,2000-10-07T12:24:00Z
554,10,7,2000,15:12,NA,1207-72646,RT,I,U,384,1430,29.8,35,231,2000-10-07T15:12:00Z
555,10,8,2000,12:25,NA,1177-04645,RT,I,U,390,1050,25.6,29.9,218,2000-10-08T12:25:00Z
556,10,8,2000,13:29,NA,1177-04646,RT,I,U,381,920,27,29.6,223,2000-10-08T13:29:00Z
557,10,9,2000,10:10,NA,803-05936,SS,A,F,194,175,12.4,14,152,2000-10-09T10:10:00Z
558,10,9,2000,14:00,NA,1807-82702,RT,I,U,371,905,23.6,26.8,197,2000-10-09T14:00:00Z
559,10,9,2000,14:26,NA,1177-04647,RT,I,U,356,915,26.4,28.9,195,2000-10-09T14:26:00Z
560,10,9,2000,14:38,NA,1177-04648,RT,I,U,377,910,25,29,206,2000-10-09T14:38:00Z
561,10,10,2000,13:57,NA,1177-04649,RT,I,U,362,950,25.4,29.7,213,2000-10-10T13:57:00Z
562,10,11,2000,12:21,NA,1142-19234,SS,A,M,165,105,10.1,11.8,127,2000-10-11T12:21:00Z
563,10,12,2000,10:10,NA,1142-19235,SS,A,M,155,100,9.3,11.8,122,2000-10-12T10:10:00Z
564,10,12,2000,13:35,NA,1207-72647,RT,I,U,400,1225,27.3,34.2,222,2000-10-12T13:35:00Z
565,10,13,2000,9:33,NA,1142-19236,SS,A,M,161,105,10.4,12,124,2000-10-13T09:33:00Z
566,10,13,2000,9:58,NA,1207-72648,RT,I,U,387,1090,27.9,32.4,227,2000-10-13T09:58:00Z
567,10,13,2000,11:08,NA,1207-72649,RT,I,U,409,1350,30,32.7,235,2000-10-13T11:08:00Z
568,10,13,2000,12:35,NA,2003-99320,SS,A,F,195,200,13,13.4,158,2000-10-13T12:35:00Z
569,10,13,2000,14:45,NA,2003-99321,SS,A,F,196,200,13.5,15.4,150,2000-10-13T14:45:00Z
570,10,14,2000,11:35,NA,1142-19237,SS,A,M,169,100,10,11.7,133,2000-10-14T11:35:00Z
571,10,14,2000,12:07,NA,1177-04650,RT,I,U,385,940,26.2,30.5,228,2000-10-14T12:07:00Z
572,10,14,2000,13:07,NA,1807-82703,RT,I,U,377,920,24.7,29.3,219,2000-10-14T13:07:00Z
573,10,14,2000,13:12,NA,1177-04651,RT,I,U,400,1190,29.4,33.3,231,2000-10-14T13:12:00Z
574,10,15,2000,12:50,NA,1142-19238,SS,I,M,164,90,9.4,10.7,127,2000-10-15T12:50:00Z
575,10,16,2000,14:30,NA,1142-19239,SS,A,M,165,95,10.4,11.4,127,2000-10-16T14:30:00Z
576,10,17,2000,15:03,NA,1177-04652,RT,I,U,363,915,25,28.3,209,2000-10-17T15:03:00Z
577,10,18,2000,12:14,NA,2206-35432,CH,A,F,266,535,18.8,25.4,223,2000-10-18T12:14:00Z
578,10,18,2000,14:28,NA,1177-04653,RT,I,U,403,1310,29.1,33.3,237,2000-10-18T14:28:00Z
579,10,19,2000,12:14,NA,1177-04654,RT,I,U,375,950,26.9,30.1,210,2000-10-19T12:14:00Z
580,10,19,2000,13:38,NA,1142-09240,SS,A,M,166,120,10.1,11.7,133,2000-10-19T13:38:00Z
581,10,20,2000,9:48,NA,1177-04655,RT,I,U,373,975,26.1,27.9,215,2000-10-20T09:48:00Z
582,10,20,2000,11:46,NA,1177-04656,RT,I,U,373,990,27.9,31,217,2000-10-20T11:46:00Z
583,10,20,2000,12:38,NA,1142-09241,SS,A,M,170,110,11.4,25.1098976109215,135,2000-10-20T12:38:00Z
584,10,20,2000,14:12,NA,1177-04657,RT,A,U,373,1270,26.5,29.6,207,2000-10-20T14:12:00Z
585,10,20,2000,14:27,NA,1807-82704,RT,I,U,354,960,26,31,211,2000-10-20T14:27:00Z
586,10,20,2000,14:45,NA,1207-72650,RT,I,U,394,1290,28.8,30.7,225,2000-10-20T14:45:00Z
587,10,21,2000,9:22,NA,1142-09242,SS,I,M,165,95,10.2,11.6,131,2000-10-21T09:22:00Z
588,10,21,2000,13:57,NA,1705-24640,CH,A,F,261,505,19.2,25.1,203,2000-10-21T13:57:00Z
589,10,21,2000,14:12,NA,1177-04658,RT,I,U,377,1045,26.9,31.5,223,2000-10-21T14:12:00Z
590,10,25,2000,12:51,NA,1177-04659,RT,I,U,364,1090,27.1,30.3,218,2000-10-25T12:51:00Z
591,10,25,2000,13:45,NA,1177-04660,RT,I,U,385,1180,28.6,30,222,2000-10-25T13:45:00Z
592,10,26,2000,9:21,NA,1177-04661,RT,I,U,390,1195,27.6,34.7,235,2000-10-26T09:21:00Z
593,10,26,2000,10:53,NA,1177-04662,RT,A,U,383,1055,27.7,32.7,208,2000-10-26T10:53:00Z
594,10,26,2000,12:53,NA,1177-04663,RT,I,U,365,1025,26.1,30.3,216,2000-10-26T12:53:00Z
595,10,27,2000,10:49,NA,803-05937,SS,I,F,201,175,12,14.8,157,2000-10-27T10:49:00Z
596,10,27,2000,13:15,NA,1177-04664,RT,I,U,376,940,25.1,31.7,217,2000-10-27T13:15:00Z
597,10,27,2000,14:49,NA,1207-72651,RT,A,U,402,1335,28.3,33.3,219,2000-10-27T14:49:00Z
598,10,29,2000,9:45,NA,1177-04665,RT,I,U,394,1085,29.4,32.7,235,2000-10-29T09:45:00Z
599,10,29,2000,13:36,NA,1204-45871,CH,I,M,223,375,16.2,20.7,185,2000-10-29T13:36:00Z
600,10,30,2000,11:20,NA,1177-04666,RT,A,U,378,1090,28,30.9,212,2000-10-30T11:20:00Z
601,11,1,2000,12:08,NA,1177-04667,RT,I,U,369,995,26,28.2,211,2000-11-01T12:08:00Z
602,11,1,2000,13:16,NA,1177-04668,RT,A,U,378,1090,28,30.7,201,2000-11-01T13:16:00Z
603,11,2,2000,9:55,NA,1177-04669,RT,A,U,262,1020,28,31.2,200,2000-11-02T09:55:00Z
604,11,2,2000,10:28,NA,1142-19243,SS,I,M,165,100,10.6,12.1,137,2000-11-02T10:28:00Z
605,11,2,2000,12:47,NA,1177-04670,RT,A,U,379,1000,28.6,32.2,217,2000-11-02T12:47:00Z
606,11,3,2000,9:42,NA,1177-04671,RT,I,U,380,1085,27.4,33.3,223,2000-11-03T09:42:00Z
607,11,4,2000,11:20,NA,1177-04672,RT,A,U,380,1045,24.9,27,199,2000-11-04T11:20:00Z
608,11,4,2000,13:10,NA,1177-04673,RT,I,U,393,1060,27.7,32.4,217,2000-11-04T13:10:00Z
609,11,4,2000,13:24,NA,1207-72652,RT,A,U,389,1135,27.1,32.1,207,2000-11-04T13:24:00Z
610,11,8,2000,10:31,NA,1207-72653,RT,I,U,395,1210,28.5,28.5,222,2000-11-08T10:31:00Z
611,11,12,2000,13:50,NA,2003-99233,SS,I,F,207,185,13,14.3,163,2000-11-12T13:50:00Z
612,11,14,2000,11:40,NA,1807-82705,RT,I,U,367,965,24.8,24.1,217,2000-11-14T11:40:00Z
613,11,14,2000,11:57,NA,1177-04674,RT,A,U,368,905,26.8,27,200,2000-11-14T11:57:00Z
614,11,18,2000,10:47,NA,1177-04675,RT,I,U,377,1125,25.3,29.5,220,2000-11-18T10:47:00Z
615,11,20,2000,11:15,NA,1177-04676,RT,I,U,374,950,27.2,29.8,216,2000-11-20T11:15:00Z
616,11,21,2000,12:03,NA,1177-04677,RT,A,U,385,1195,27.3,30.9,216,2000-11-21T12:03:00Z
617,9,3,2001,13:30,NA,1177-04698,RT,I,U,363,1005,25,31.6,222,2001-09-03T13:30:00Z
618,9,9,2001,11:51,NA,1142-19244,SS,I,M,164,95,11.4,25.1098976109215,136,2001-09-09T11:51:00Z
619,9,10,2001,9:39,NA,2003-99323,SS,A,F,199,175,12.3,15,142,2001-09-10T09:39:00Z
620,9,10,2001,14:05,NA,1177-04678,RT,I,U,378,995,26.2,30,213,2001-09-10T14:05:00Z
621,9,12,2001,11:03,NA,803-05938,SS,I,F,200,165,12.1,14.2,154,2001-09-12T11:03:00Z
622,9,12,2001,11:35,NA,1207-72654,RT,I,U,405,1170,29.25,39.8,226,2001-09-12T11:35:00Z
623,9,13,2001,10:20,NA,2003-99324,SS,I,F,194,145,12,14.6,156,2001-09-13T10:20:00Z
624,9,13,2001,11:00,NA,2003-99325,SS,I,F,190,175,12.4,15.2,160,2001-09-13T11:00:00Z
625,9,13,2001,13:03,NA,2003-99326,SS,I,F,195,170,13.1,14.8,149,2001-09-13T13:03:00Z
626,9,14,2001,10:35,NA,1213-58903,SS,I,M,161,105,10.3,11.2,131,2001-09-14T10:35:00Z
627,9,14,2001,13:05,NA,1213-58904,SS,I,M,168,95,10,11.4,137,2001-09-14T13:05:00Z
628,9,14,2001,13:55,NA,1213-58905,SS,I,M,160,95,9.8,10.8,126,2001-09-14T13:55:00Z
629,9,16,2001,14:00,NA,1177-04679,RT,I,U,392,1085,31.2,34.6,210,2001-09-16T14:00:00Z
630,9,19,2001,10:11,NA,2003-99327,SS,I,F,201,165,12.3,14.8,165,2001-09-19T10:11:00Z
631,9,19,2001,11:55,NA,1207-72655,RT,I,U,395,1115,27.4,32.7,235,2001-09-19T11:55:00Z
632,9,20,2001,12:50,NA,1207-72656,RT,I,U,390,1195,27.6,33,222,2001-09-20T12:50:00Z
633,9,22,2001,9:45,NA,1142-19245,SS,I,M,161,100,9.8,11.9,129,2001-09-22T09:45:00Z
634,9,22,2001,10:45,NA,1705-24641,CH,A,M,230,365,16.9,23.55,192,2001-09-22T10:45:00Z
635,9,22,2001,14:57,NA,2003-99328,SS,I,F,192,170,11.9,9.5,156,2001-09-22T14:57:00Z
636,9,24,2001,12:50,NA,1213-58906,SS,I,M,156,90,9.8,11.3,135,2001-09-24T12:50:00Z
637,9,24,2001,14:20,NA,1213-58907,SS,I,M,158,95,10.7,11.1,129,2001-09-24T14:20:00Z
638,9,26,2001,10:15,NA,1142-19246,SS,I,M,167,115,9.8,11.4,131,2001-09-26T10:15:00Z
639,9,26,2001,12:20,NA,804-00201,SS,I,F,199,155,11.9,14.5,160,2001-09-26T12:20:00Z
640,9,27,2001,13:40,NA,1705-24642,CH,I,F,320,229,17,21,195,2001-09-27T13:40:00Z
641,9,30,2001,12:33,NA,1207-72657,RT,A,U,389,1165,29,33.1,223,2001-09-30T12:33:00Z
642,10,2,2001,11:00,NA,804-00202,CH,I,M,227,155,17.1,21,192,2001-10-02T11:00:00Z
643,10,2,2001,13:15,NA,804-00203,CH,A,M,230,340,16.1,20.2,198,2001-10-02T13:15:00Z
644,10,3,2001,10:29,NA,2003-99329,SS,A,F,199,180,12,15.5,152,2001-10-03T10:29:00Z
645,10,5,2001,14:29,NA,1177-04680,RT,I,U,378,235,25.4,30.7,223,2001-10-05T14:29:00Z
646,10,9,2001,13:25,NA,1142-19247,SS,I,M,164,105,10.2,11.2,132,2001-10-09T13:25:00Z
647,10,9,2001,14:58,NA,1207-72658,RT,A,U,385,1085,27.5,30.8,216,2001-10-09T14:58:00Z
648,10,14,2001,9:36,NA,1177-04681,RT,I,U,369,970,26.1,30.4,207,2001-10-14T09:36:00Z
649,10,14,2001,10:27,NA,1177-04682,RT,I,U,378,1030,28.5,31.9,218,2001-10-14T10:27:00Z
650,10,14,2001,11:52,NA,1177-04683,RT,I,U,373,1015,25.5,29.6,215,2001-10-14T11:52:00Z
651,10,14,2001,12:20,NA,1177-04684,RT,A,U,419,1030,29.2,31.5,224,2001-10-14T12:20:00Z
652,10,14,2001,14:12,NA,1177-04685,RT,I,U,414,1215,26.4,29.2,242,2001-10-14T14:12:00Z
653,10,15,2001,13:20,NA,2003-99330,SS,A,F,203,185,13.5,14.2,157,2001-10-15T13:20:00Z
654,10,17,2001,9:50,NA,1142-19248,SS,A,M,162,95,10.2,11,119,2001-10-17T09:50:00Z
655,10,17,2001,10:36,NA,1142-19249,SS,I,M,165,95,10,11,130,2001-10-17T10:36:00Z
656,10,17,2001,10:58,NA,1142-19250,SS,A,M,161,95,9.7,11,124,2001-10-17T10:58:00Z
657,10,17,2001,11:35,NA,1142-19251,SS,I,M,161,110,10.1,11.8,130,2001-10-17T11:35:00Z
658,10,17,2001,12:59,NA,1177-04686,RT,I,U,404,1170,28.4,32.8,237,2001-10-17T12:59:00Z
659,10,17,2001,13:48,NA,1142-19252,SS,I,M,165,105,10.4,11.2,140,2001-10-17T13:48:00Z
660,10,17,2001,14:03,NA,2003-99331,SS,A,F,199,175,12.8,14.5,159,2001-10-17T14:03:00Z
661,10,18,2001,9:24,NA,1142-19253,SS,I,M,171,95,10.9,11.7,138,2001-10-18T09:24:00Z
662,10,18,2001,9:58,NA,2003-99332,SS,A,F,213,190,13.7,15.2,159,2001-10-18T09:58:00Z
663,10,18,2001,10:11,NA,1142-19254,SS,A,M,169,105,10.2,11.8,136,2001-10-18T10:11:00Z
664,10,18,2001,10:35,NA,1207-72659,RT,I,U,379,1435,27.4,32.7,221,2001-10-18T10:35:00Z
665,10,18,2001,12:00,NA,1207-72660,RT,I,U,407,1235,30.1,35.8,243,2001-10-18T12:00:00Z
666,10,18,2001,12:42,NA,1177-04689,RT,I,U,376,1055,29.5,32.2,222,2001-10-18T12:42:00Z
667,10,18,2001,13:56,NA,1177-04688,RT,I,U,380,1105,22,30.8,208,2001-10-18T13:56:00Z
668,10,18,2001,14:29,NA,1142-19255,SS,A,M,172,120,9.8,11.8,132,2001-10-18T14:29:00Z
669,10,18,2001,15:30,NA,1207-72661,RT,I,U,408,1390,28.4,32.7,245,2001-10-18T15:30:00Z
670,10,19,2001,11:53,NA,1142-19256,SS,A,M,167,105,10.3,10.8,131,2001-10-19T11:53:00Z
671,10,19,2001,12:42,NA,1177-04690,RT,A,U,374,1080,26.5,31.3,206,2001-10-19T12:42:00Z
672,10,21,2001,12:48,NA,1177-04691,RT,I,U,376,910,26.1,32.2,220,2001-10-21T12:48:00Z
673,10,23,2001,10:55,NA,1705-24643,CH,I,F,258,490,18,24.2,214,2001-10-23T10:55:00Z
674,10,23,2001,12:24,NA,1807-66307,RT,I,U,370,845,25,27.4,217,2001-10-23T12:24:00Z
675,10,23,2001,12:55,NA,2003-99333,SS,A,F,202,175,13.3,14.9,162,2001-10-23T12:55:00Z
676,10,25,2001,10:29,NA,1807-66308,RT,I,U,363,865,25.6,27.3,210,2001-10-25T10:29:00Z
677,10,25,2001,11:04,NA,2003-99334,SS,A,F,200,180,11.9,13.5,163,2001-10-25T11:04:00Z
678,10,25,2001,11:50,NA,1177-04692,RT,I,U,372,2030,26.2,30.2,196,2001-10-25T11:50:00Z
679,10,25,2001,12:55,NA,1807-66309,RT,A,U,378,960,24.6,30,206,2001-10-25T12:55:00Z
680,10,26,2001,12:20,NA,1750-24644,CH,A,F,254,515,19.5,23.8,218,2001-10-26T12:20:00Z
681,10,26,2001,13:00,NA,1177-04694,RT,I,U,361,970,26.3,30.7,218,2001-10-26T13:00:00Z
682,10,28,2001,10:46,NA,1177-04695,RT,A,U,389,1265,26.6,30.6,210,2001-10-28T10:46:00Z
683,10,28,2001,11:37,NA,1207-72662,RT,A,U,404,1300,29.4,32.8,224,2001-10-28T11:37:00Z
684,10,31,2001,13:30,NA,2003-99335,SS,I,F,195,170,12.9,14.7,154,2001-10-31T13:30:00Z
685,11,1,2001,11:45,NA,2003-99336,SS,I,F,203,191,13.5,15.5,161,2001-11-01T11:45:00Z
686,11,1,2001,13:45,NA,1705-24645,CH,A,F,253,540,19.1,22.6,209,2001-11-01T13:45:00Z
687,11,2,2001,9:41,NA,2003-99337,SS,I,F,199,185,12,14.9,157,2001-11-02T09:41:00Z
688,11,3,2001,13:58,NA,2003-99338,SS,I,F,194,165,11.9,14.4,158,2001-11-03T13:58:00Z
689,11,3,2001,14:23,NA,2003-99339,SS,A,F,196,205,12.2,14,156,2001-11-03T14:23:00Z
690,11,5,2001,14:40,NA,1142-19257,SS,I,M,168,95,10.4,12.1,133,2001-11-05T14:40:00Z
691,11,6,2001,13:05,NA,1177-04696,RT,A,U,395,1170,25.8,30.5,218,2001-11-06T13:05:00Z
692,11,7,2001,11:15,NA,1177-04697,RT,I,U,368,1075,27.7,31.7,213,2001-11-07T11:15:00Z
693,11,7,2001,13:15,NA,803-05939,SS,I,F,210,200,12.1,15.3,165,2001-11-07T13:15:00Z
694,11,9,2001,9:40,NA,1177-04700,RT,I,U,401,965,25.8,29.1,235,2001-11-09T09:40:00Z
695,11,9,2001,10:40,NA,1807-53134,RT,I,U,355,785,22.7,25,206,2001-11-09T10:40:00Z
696,11,10,2001,10:27,NA,1177-04701,RT,A,U,377,1095,25.6,31.7,206,2001-11-10T10:27:00Z
697,11,11,2001,9:44,NA,2003-99340,SS,I,F,197,160,12,14.7,153,2001-11-11T09:44:00Z
698,11,14,2001,10:04,NA,1142-19258,SS,I,M,171,95,9.1,11.5,135,2001-11-14T10:04:00Z
699,11,19,2001,9:48,NA,1177-04702,RT,A,U,277,1500,29.7,32.1,207,2001-11-19T09:48:00Z
700,11,19,2001,14:05,NA,1207-72663,RT,A,U,435,1595,27.4,34.5,230,2001-11-19T14:05:00Z
701,9,4,2002,10:00,NA,1177-04703,RT,I,U,372,985,25.4,31,224,2002-09-04T10:00:00Z
702,9,5,2002,12:45,NA,1705-24648,CH,A,F,260,565,20,24.2,216,2002-09-05T12:45:00Z
703,9,8,2002,12:20,NA,1177-04704,RT,I,U,390,240,25.2,29.3,218,2002-09-08T12:20:00Z
704,9,8,2002,12:44,NA,1177-04705,RT,I,U,359,875,26,31.1,215,2002-09-08T12:44:00Z
705,9,10,2002,12:39,NA,1177-04706,RT,I,U,393,1225,29,33.4,226,2002-09-10T12:39:00Z
706,9,12,2002,10:13,NA,1207-72664,RT,I,U,402,1255,30.6,34.6,242,2002-09-12T10:13:00Z
707,9,12,2002,11:51,NA,1177-04707,RT,I,U,362,950,26.8,30.7,212,2002-09-12T11:51:00Z
708,9,13,2002,12:55,NA,1705-14646,CH,I,M,227,330,16,18.5,193,2002-09-13T12:55:00Z
709,9,16,2002,13:14,NA,1807-53135,RT,A,U,359,895,27.5,30.1,201,2002-09-16T13:14:00Z
710,9,17,2002,11:20,NA,1142-19259,SS,I,M,155,100,9.8,12,129,2002-09-17T11:20:00Z
711,9,18,2002,12:08,NA,1705-24647,CH,I,F,261,455,17.1,26.8,216,2002-09-18T12:08:00Z
712,9,19,2002,9:30,NA,1142-19260,SS,I,M,160,90,10.3,11.5,132,2002-09-19T09:30:00Z
713,9,19,2002,12:01,NA,1142-19261,SS,I,M,166,105,11.3,11.4,131,2002-09-19T12:01:00Z
714,9,21,2002,13:38,NA,1207-72665,RT,I,U,362,1305,28.2,34.3,234,2002-09-21T13:38:00Z
715,9,22,2002,10:50,NA,1177-04708,RT,I,U,375,975,27.2,31.8,220,2002-09-22T10:50:00Z
716,9,22,2002,11:57,NA,1177-04709,RT,I,U,388,1185,28.9,34.3,225,2002-09-22T11:57:00Z
717,9,22,2002,13:47,NA,1177-04710,RT,I,U,392,1030,26.1,30.5,214,2002-09-22T13:47:00Z
718,9,22,2002,14:29,NA,1207-72666,RT,I,U,412,1215,28.7,34.1,230,2002-09-22T14:29:00Z
719,9,23,2002,13:15,NA,1177-04711,RT,I,U,371,1075,26.9,32.8,220,2002-09-23T13:15:00Z
720,9,23,2002,14:23,NA,1705-24649,CH,A,F,255,960,19.7,25.1098976109215,200,2002-09-23T14:23:00Z
721,9,24,2002,12:50,NA,1807-53136,RT,I,U,391,795,24.3,27.6,209,2002-09-24T12:50:00Z
722,9,24,2002,13:26,NA,2003-99341,SS,I,F,190,180,12.2,14.2,156,2002-09-24T13:26:00Z
723,9,25,2002,12:36,NA,1177-04712,RT,I,U,385,1225,27.8,32,225,2002-09-25T12:36:00Z
724,9,25,2002,14:05,NA,1142-19262,SS,I,M,166,110,10,11.9,139,2002-09-25T14:05:00Z
725,9,26,2002,10:49,NA,2003-99342,SS,A,F,197,165,12.2,14.9,159,2002-09-26T10:49:00Z
726,9,29,2002,10:10,NA,1177-04713,RT,I,U,370,920,26.3,32,226,2002-09-29T10:10:00Z
727,9,29,2002,10:50,NA,2003-99345,SS,I,F,190,170,12,15,154,2002-09-29T10:50:00Z
728,9,29,2002,12:52,NA,1207-72667,RT,I,U,400,1315,29.6,34,230,2002-09-29T12:52:00Z
729,9,29,2002,13:06,NA,1142-19263,SS,I,M,162,100,9.4,11.1,131,2002-09-29T13:06:00Z
730,9,30,2002,11:26,NA,2003-00344,SS,I,F,194,155,12.5,14.5,156,2002-09-30T11:26:00Z
731,9,30,2002,11:45,NA,1207-72668,RT,I,U,395,1155,29.9,34.4,233,2002-09-30T11:45:00Z
732,9,30,2002,12:46,NA,1207-72669,RT,I,U,403,1160,29,32.3,235,2002-09-30T12:46:00Z
733,10,3,2002,9:58,NA,1177-04714,RT,I,U,386,955,27.9,30.4,226,2002-10-03T09:58:00Z
734,10,4,2002,9:53,NA,803-05940,SS,A,F,193,190,13.1,14.9,145,2002-10-04T09:53:00Z
735,10,4,2002,15:15,NA,2003-99346,SS,A,F,203,180,13.8,14.7,156,2002-10-04T15:15:00Z
736,10,5,2002,8:34,NA,1142-19264,SS,A,M,159,90,10,11.5,130,2002-10-05T08:34:00Z
737,10,5,2002,9:59,NA,1142-19265,SS,I,M,163,100,9.8,11.7,130,2002-10-05T09:59:00Z
738,10,5,2002,10:34,NA,2003-99348,SS,A,M,191,190,12.4,14.8,147,2002-10-05T10:34:00Z
739,10,5,2002,13:08,NA,1142-19266,SS,I,M,166,105,10.3,12,141,2002-10-05T13:08:00Z
740,10,5,2002,13:30,NA,1177-04715,RT,I,U,361,1030,27,30.5,231,2002-10-05T13:30:00Z
741,10,5,2002,14:27,NA,1705-37416,CH,A,F,260,565,19.7,25.1098976109215,205,2002-10-05T14:27:00Z
742,10,6,2002,9:48,NA,804-00205,CH,A,M,234,380,12.4,21.9,192,2002-10-06T09:48:00Z
743,10,6,2002,10:43,NA,1177-04716,RT,I,U,377,1040,28.1,30.9,225,2002-10-06T10:43:00Z
744,10,6,2002,12:03,NA,1807-53137,RT,I,U,361,910,24.3,27.5,205,2002-10-06T12:03:00Z
745,10,6,2002,12:34,NA,1177-04717,RT,I,U,375,1005,26,32.5,226,2002-10-06T12:34:00Z
746,10,6,2002,14:56,NA,2003-99349,SS,I,F,193,180,11.9,14.3,156,2002-10-06T14:56:00Z
747,10,7,2002,9:40,NA,803-05941,SS,I,F,196,175,12.4,15.6,153,2002-10-07T09:40:00Z
748,10,7,2002,13:25,NA,1142-19267,SS,I,M,159,105,9.8,11,131,2002-10-07T13:25:00Z
749,10,7,2002,13:25,NA,1213-58908,SS,I,F,192,190,11.8,14.2,155,2002-10-07T13:25:00Z
750,10,7,2002,13:29,NA,1207-72670,RT,I,U,401,1250,28.2,35.3,230,2002-10-07T13:29:00Z
751,10,8,2002,14:40,NA,2003-99350,SS,I,F,198,185,12.6,15.2,165,2002-10-08T14:40:00Z
752,10,10,2002,11:36,NA,1177-04718,RT,I,U,407,1275,27.5,33.7,238,2002-10-10T11:36:00Z
753,10,10,2002,12:46,NA,1142-19268,SS,I,M,162,105,9.8,12.5,132,2002-10-10T12:46:00Z
754,10,11,2002,11:23,NA,2206-35435,CH,A,F,169,640,16.7,23.6,233,2002-10-11T11:23:00Z
755,10,11,2002,14:50,NA,1142-19269,SS,I,M,168,100,10.5,10.7,135,2002-10-11T14:50:00Z
756,10,13,2002,9:38,NA,1142-19270,SS,A,M,168,105,10.7,11.6,134,2002-10-13T09:38:00Z
757,10,13,2002,10:00,NA,804-00206,CH,A,M,223,390,15.9,20.6,181,2002-10-13T10:00:00Z
758,10,13,2002,10:42,NA,1177-04719,RT,I,U,375,1030,26.9,31.3,217,2002-10-13T10:42:00Z
759,10,13,2002,11:33,NA,1177-04720,RT,A,U,406,1290,29.3,33.3,227,2002-10-13T11:33:00Z
760,10,14,2002,9:50,NA,1177-04721,RT,I,U,386,1020,26.9,31.6,230,2002-10-14T09:50:00Z
761,10,14,2002,10:14,NA,1142-19271,SS,A,M,160,105,9.9,11.4,136,2002-10-14T10:14:00Z
762,10,14,2002,12:59,NA,1177-04722,RT,I,U,378,1055,26.5,29.9,217,2002-10-14T12:59:00Z
763,10,14,2002,14:16,NA,803-05942,SS,A,F,193,185,12.3,14.8,154,2002-10-14T14:16:00Z
764,10,17,2002,9:46,NA,1177-04723,RT,I,U,379,1010,25,29.3,216,2002-10-17T09:46:00Z
765,10,18,2002,10:00,NA,1177-04724,RT,I,U,364,1015,24.9,29.5,215,2002-10-18T10:00:00Z
766,10,18,2002,12:50,NA,1177-04725,RT,A,U,350,1115,29.5,30.3,199,2002-10-18T12:50:00Z
767,10,18,2002,13:10,NA,1207-7267,RT,I,U,380,1320,26.7,31.6,210,2002-10-18T13:10:00Z
768,10,19,2002,10:34,NA,1207-72672,RT,A,U,395,1180,30.3,33.4,217,2002-10-19T10:34:00Z
769,10,19,2002,11:22,NA,1177-04726,RT,I,U,372,1145,25.9,32.2,212,2002-10-19T11:22:00Z
770,10,19,2002,13:22,NA,1177-04727,RT,I,U,376,995,28,30.2,223,2002-10-19T13:22:00Z
771,10,20,2002,13:24,NA,1177-04728,RT,I,U,367,1045,26.1,30.5,215,2002-10-20T13:24:00Z
772,10,21,2002,11:05,NA,1204-5874,CH,I,M,230,340,16,19.5,196,2002-10-21T11:05:00Z
773,10,21,2002,13:55,NA,1807-53138,RT,I,U,366,935,25.7,27.1,218,2002-10-21T13:55:00Z
774,10,23,2002,12:56,NA,1177-04729,RT,I,U,386,1065,26.1,31,221,2002-10-23T12:56:00Z
775,10,26,2002,12:45,NA,1177-04730,RT,I,U,375,1110,27.7,31.3,215,2002-10-26T12:45:00Z
776,10,30,2002,10:30,NA,2003-99351,SS,I,F,199,190,12,15.2,163,2002-10-30T10:30:00Z
777,10,30,2002,12:40,NA,1177-04731,RT,A,U,405,1255,27.9,31.8,218,2002-10-30T12:40:00Z
778,10,31,2002,10:18,NA,1177-04732,RT,A,U,371,1015,24.9,28.4,204,2002-10-31T10:18:00Z
779,10,31,2002,12:00,NA,2003-99352,SS,I,F,193,190,12.2,15.2,151,2002-10-31T12:00:00Z
780,10,31,2002,12:15,NA,1177-04733,RT,I,U,350,960,26.6,29.9,218,2002-10-31T12:15:00Z
781,10,31,2002,13:20,NA,2003-99353,SS,I,F,193,200,11.3,13.5,155,2002-10-31T13:20:00Z
782,11,1,2002,10:50,NA,1177-04734,RT,A,U,368,1090,27.3,30.4,216,2002-11-01T10:50:00Z
783,11,2,2002,10:34,NA,2003-99354,SS,I,M,185,170,12,14.7,156,2002-11-02T10:34:00Z
784,11,2,2002,10:48,NA,1177-04735,RT,I,U,372,1085,25.4,29.8,220,2002-11-02T10:48:00Z
785,11,2,2002,11:00,NA,1177-04736,RT,I,U,396,1065,27.7,30,230,2002-11-02T11:00:00Z
786,11,2,2002,11:18,NA,1177-04737,RT,I,U,365,1125,26.9,29.3,213,2002-11-02T11:18:00Z
787,11,3,2002,11:36,NA,1177-04738,RT,I,U,374,1050,25.5,30.3,220,2002-11-03T11:36:00Z
788,11,4,2002,9:33,NA,1705-24644,CH,I,F,253,525,19.5,23.5,213,2002-11-04T09:33:00Z
789,11,6,2002,12:06,NA,1177-04739,RT,I,U,372,980,26.4,29,215,2002-11-06T12:06:00Z
790,11,6,2002,14:06,NA,1177-04740,RT,I,U,376,1180,24.4,30.7,214,2002-11-06T14:06:00Z
791,11,7,2002,10:20,NA,1142-19272,SS,I,M,166,115,9.9,11.6,136,2002-11-07T10:20:00Z
792,11,7,2002,11:58,NA,1177-04741,RT,I,U,369,1095,26.6,28.4,215,2002-11-07T11:58:00Z
793,11,7,2002,12:28,NA,1207-72673,RT,A,U,391,1330,26.8,30.1,217,2002-11-07T12:28:00Z
794,11,7,2002,12:59,NA,2003-99355,SS,I,F,193,185,12.1,14.9,158,2002-11-07T12:59:00Z
795,11,8,2002,11:45,NA,1177-0472,RT,A,U,397,1100,22.1,28.8,219,2002-11-08T11:45:00Z
796,11,8,2002,14:29,NA,1177-0473,RT,I,U,366,1115,27.1,21,215,2002-11-08T14:29:00Z
797,11,10,2002,11:35,NA,1207-72674,RT,A,U,385,1400,30.3,33.3,211,2002-11-10T11:35:00Z
798,11,10,2002,12:35,NA,1177-0744,RT,I,U,400,1175,27.6,32.6,234,2002-11-10T12:35:00Z
799,11,11,2002,11:48,NA,2003-99356,SS,I,F,198,185,11.8,15.1,161,2002-11-11T11:48:00Z
800,9,5,2003,10:38,NA,1177-0745,RT,A,U,365,970,25.9,31.6,208,2003-09-05T10:38:00Z
801,9,14,2003,10:18,NA,2003-99357,SS,I,F,194,170,11.6,14,153,2003-09-14T10:18:00Z
802,9,16,2003,10:15,NA,803-05943,SS,I,F,195,175,12,15.6,152,2003-09-16T10:15:00Z
803,9,16,2003,10:57,NA,2003-99358,SS,I,F,200,165,11.5,14.5,163,2003-09-16T10:57:00Z
804,9,16,2003,12:55,NA,1207-72675,RT,I,U,384,1260,28.6,32.5,226,2003-09-16T12:55:00Z
805,9,17,2003,9:40,NA,1142-19273,SS,I,M,159,110,9.9,11.1,125,2003-09-17T09:40:00Z
806,9,18,2003,10:17,NA,1142-19274,SS,I,M,161,100,9.3,11.5,134,2003-09-18T10:17:00Z
807,9,18,2003,10:17,NA,2003-99359,SS,I,F,191,190,12.3,14.8,162,2003-09-18T10:17:00Z
808,9,18,2003,11:55,NA,1204-45879,CH,I,M,216,305,16,20.4,185,2003-09-18T11:55:00Z
809,9,18,2003,13:50,NA,1705-37417,CH,I,F,256,510,18.8,23.3,212,2003-09-18T13:50:00Z
810,9,19,2003,10:59,NA,1142-19275,SS,I,M,161,90,9.5,11.3,123,2003-09-19T10:59:00Z
811,9,20,2003,12:04,NA,1207-99560,RT,A,U,396,1195,27,23.8,228,2003-09-20T12:04:00Z
812,9,20,2003,13:35,NA,1177-04746,RT,I,U,391,1035,27.9,33.1,221,2003-09-20T13:35:00Z
813,9,20,2003,14:12,NA,1142-19276,SS,I,M,160,90,8.8,11.4,131,2003-09-20T14:12:00Z
814,9,21,2003,9:52,NA,2003-99360,SS,I,M,183,160,12.7,14.6,143,2003-09-21T09:52:00Z
815,9,22,2003,14:21,NA,1142-19277,SS,I,M,156,85,9.7,11,129,2003-09-22T14:21:00Z
816,9,23,2003,10:44,NA,1207-72676,RT,I,U,393,1155,28.3,30.9,223,2003-09-23T10:44:00Z
817,9,23,2003,11:16,NA,1207-72677,RT,I,U,397,1260,27.8,32.9,232,2003-09-23T11:16:00Z
818,9,23,2003,13:13,NA,1142-19278,SS,I,M,159,95,8.9,10.4,125,2003-09-23T13:13:00Z
819,9,23,2003,14:00,NA,1705-37418,CH,I,F,255,440,18.6,22.8,214,2003-09-23T14:00:00Z
820,9,24,2003,9:35,NA,2003-99362,SS,I,M,197,175,10,14.9,150,2003-09-24T09:35:00Z
821,9,24,2003,9:53,NA,1204-45880,CH,I,M,218,295,16.1,19.4,183,2003-09-24T09:53:00Z
822,9,25,2003,9:49,NA,2003-99363,SS,I,F,196,160,12.6,14.5,158,2003-09-25T09:49:00Z
823,9,25,2003,13:08,NA,1177-04747,RT,I,U,384,1010,26.8,31.1,230,2003-09-25T13:08:00Z
824,9,25,2003,13:30,NA,1177-04748,RT,I,U,385,990,26,29.6,225,2003-09-25T13:30:00Z
825,9,26,2003,10:19,NA,2003-99364,SS,I,M,181,150,11.4,14.3,141,2003-09-26T10:19:00Z
826,9,26,2003,11:27,NA,1204-45881,CH,I,M,225,300,16,20.1,183,2003-09-26T11:27:00Z
827,9,17,2003,9:18,NA,1177-04749,RT,I,U,379,945,24.5,31.3,224,2003-09-17T09:18:00Z
828,9,27,2003,10:10,NA,2003-99365,SS,I,F,201,188,11.7,14.9,162,2003-09-27T10:10:00Z
829,9,28,2003,9:36,NA,1142-19279,SS,I,M,161,95,10.6,11.5,131,2003-09-28T09:36:00Z
830,9,28,2003,10:11,NA,1705-37419,CH,A,M,230,330,15.7,19.4,188,2003-09-28T10:11:00Z
831,9,28,2003,12:12,NA,1142-19280,SS,I,M,159,95,9.9,11.2,132,2003-09-28T12:12:00Z
832,9,29,2003,11:20,NA,1177-04750,RT,I,U,367,970,26.4,30.5,215,2003-09-29T11:20:00Z
833,9,29,2003,12:02,NA,1207-72678,RT,I,U,396,1240,28.9,32.8,237,2003-09-29T12:02:00Z
834,9,29,2003,12:58,NA,1142-19281,SS,I,M,157,105,10,11.5,133,2003-09-29T12:58:00Z
835,9,29,2003,13:51,NA,2003-99366,SS,I,F,191,165,11.5,14.9,156,2003-09-29T13:51:00Z
836,9,29,2003,14:47,NA,2003-99367,SS,I,F,191,170,12.1,15.1,163,2003-09-29T14:47:00Z
837,9,29,2003,15:15,NA,1142-19282,SS,I,M,168,100,10.2,11.9,134,2003-09-29T15:15:00Z
838,9,29,2003,15:55,NA,1207-72679,RT,I,U,428,1290,28.4,33.9,253,2003-09-29T15:55:00Z
839,9,30,2003,12:05,NA,1705-37420,CH,A,F,252,470,19.5,28.4,211,2003-09-30T12:05:00Z
840,9,30,2003,12:53,NA,2003-99368,SS,A,F,192,175,11.7,14.2,160,2003-09-30T12:53:00Z
841,9,30,2003,13:22,NA,2003-99369,SS,A,F,195,195,13.6,14,158,2003-09-30T13:22:00Z
842,10,1,2003,10:07,NA,1204-45882,CH,A,M,233,335,16.3,21.3,187,2003-10-01T10:07:00Z
843,10,1,2003,11:53,NA,1177-04751,RT,A,U,364,1150,26.1,28.2,196,2003-10-01T11:53:00Z
844,10,1,2003,13:40,NA,1177-04752,RT,I,U,370,960,25.4,30.4,217,2003-10-01T13:40:00Z
845,10,1,2003,14:30,NA,1207-72680,RT,I,U,400,1130,28.3,29.4,227,2003-10-01T14:30:00Z
846,10,3,2003,9:18,NA,1177-04753,RT,I,U,375,925,25.4,28.6,220,2003-10-03T09:18:00Z
847,10,3,2003,14:43,NA,1207-72681,RT,I,U,398,1205,27.6,33.4,227,2003-10-03T14:43:00Z
848,10,4,2003,11:04,NA,1177-04754,RT,I,U,385,1040,27.2,31.5,238,2003-10-04T11:04:00Z
849,10,4,2003,11:58,NA,1142-19283,SS,I,M,156,100,9.9,11.2,122,2003-10-04T11:58:00Z
850,10,4,2003,12:46,NA,1204-45883,CH,I,M,230,335,16.3,19.7,201,2003-10-04T12:46:00Z
851,10,5,2003,10:58,NA,1204-45884,CH,I,M,220,335,16.2,20,185,2003-10-05T10:58:00Z
852,10,6,2003,14:12,NA,1142-19284,SS,I,M,163,105,10.3,11.7,137,2003-10-06T14:12:00Z
853,10,7,2003,10:46,NA,1807-53139,RT,I,U,376,860,25.6,30,220,2003-10-07T10:46:00Z
854,10,7,2003,11:17,NA,1177-04755,RT,I,U,360,935,25.8,30,212,2003-10-07T11:17:00Z
855,10,7,2003,11:42,NA,1177-04756,RT,A,U,372,1010,24.3,29,197,2003-10-07T11:42:00Z
856,10,7,2003,11:58,NA,1207-72682,RT,I,U,400,1285,29.7,33.5,230,2003-10-07T11:58:00Z
857,10,7,2003,12:10,NA,2003-99370,SS,A,F,194,210,13,14.5,147,2003-10-07T12:10:00Z
858,10,7,2003,12:49,NA,1807-53140,RT,I,U,370,830,23.6,27.8,233,2003-10-07T12:49:00Z
859,10,8,2003,10:31,NA,1142-19285,SS,I,M,160,95,10.2,11.2,135,2003-10-08T10:31:00Z
860,10,8,2003,11:08,NA,1207-72683,RT,I,U,403,1350,28,32.8,140,2003-10-08T11:08:00Z
861,10,8,2003,12:28,NA,1177-04757,RT,I,U,375,1010,25,30.8,218,2003-10-08T12:28:00Z
862,10,8,2003,14:48,NA,1177-04758,RT,I,U,373,960,27.7,32.5,222,2003-10-08T14:48:00Z
863,10,10,2003,11:43,NA,1177-04759,RT,I,U,385,1370,26.4,29.2,233,2003-10-10T11:43:00Z
864,10,12,2003,10:10,NA,2003-99371,SS,I,F,143,170,12.8,13.9,159,2003-10-12T10:10:00Z
865,10,12,2003,11:30,NA,1142-19286,SS,I,M,162,100,8.7,11.4,136,2003-10-12T11:30:00Z
866,10,12,2003,12:10,NA,1207-72684,RT,I,U,392,1250,28.6,32.9,222,2003-10-12T12:10:00Z
867,10,12,2003,13:15,NA,1807-53141,RT,I,U,372,915,24.7,28.2,203,2003-10-12T13:15:00Z
868,10,13,2003,12:00,NA,1177-04760,RT,I,U,375,850,25,28,218,2003-10-13T12:00:00Z
869,10,13,2003,NA,NA,1207-72685,RT,I,U,415,1285,29.4,34,242,2003-10-13T00:00:00Z
870,10,14,2003,10:53,NA,1142-19287,SS,A,M,161,95,9.8,11.7,129,2003-10-14T10:53:00Z
871,10,14,2003,12:24,NA,1177-04761,RT,A,U,380,1005,27,31.6,205,2003-10-14T12:24:00Z
872,10,18,2003,12:45,NA,788-36611,RT,A,U,411,1220,28.1,32.7,236,2003-10-18T12:45:00Z
873,10,21,2003,9:08,NA,1142-19288,SS,A,M,161,95,9.6,12.4,121,2003-10-21T09:08:00Z
874,10,21,2003,10:19,NA,1142-19289,SS,I,M,165,100,9.8,12,134,2003-10-21T10:19:00Z
875,10,21,2003,11:35,NA,1207-72686,RT,I,U,393,1265,28.3,32.7,233,2003-10-21T11:35:00Z
876,10,21,2003,13:02,NA,1177-04762,RT,I,U,370,1020,24.6,30,211,2003-10-21T13:02:00Z
877,10,22,2003,12:19,NA,1204-45885,CH,A,M,230,360,16,22.1,186,2003-10-22T12:19:00Z
878,10,25,2003,11:07,NA,1177-04763,RT,I,U,365,895,24.5,28.9,217,2003-10-25T11:07:00Z
879,10,25,2003,11:53,NA,1177-04764,RT,I,U,371,1160,25.7,28.4,218,2003-10-25T11:53:00Z
880,10,25,2003,12:47,NA,1207-72687,RT,I,U,400,1585,29,33.8,241,2003-10-25T12:47:00Z
881,10,25,2003,12:55,NA,1177-04765,RT,A,U,382,1140,24.9,31.6,218,2003-10-25T12:55:00Z
882,10,25,2003,13:27,NA,1807-53142,RT,A,U,371,1115,25.3,29.2,208,2003-10-25T13:27:00Z
883,10,25,2003,13:40,NA,1177-04766,RT,A,U,370,1145,25.4,30.2,212,2003-10-25T13:40:00Z
884,10,26,2003,11:35,NA,2003-99372,SS,A,F,194,185,12.8,14.8,152,2003-10-26T11:35:00Z
885,10,26,2003,12:15,NA,1177-04767,RT,A,U,347,990,25.3,29.8,203,2003-10-26T12:15:00Z
887,10,30,2003,13:13,NA,1213-58909,SS,I,F,195,165,11.7,14.5,153,2003-10-30T13:13:00Z
888,10,30,2003,13:35,NA,1177-04769,RT,A,U,392,1030,26.3,28.1,196,2003-10-30T13:35:00Z
889,10,31,2003,11:20,NA,1204-45886,CH,I,M,220,320,15.5,19.5,184,2003-10-31T11:20:00Z
890,11,6,2003,10:06,NA,2003-99373,SS,I,F,193,105,13,15.6,156,2003-11-06T10:06:00Z
891,11,6,2003,13:02,NA,1177-04770,RT,I,U,365,990,26.4,30,217,2003-11-06T13:02:00Z
892,11,7,2003,12:30,NA,1177-04771,RT,A,U,387,1065,28,32.7,212,2003-11-07T12:30:00Z
893,11,7,2003,13:45,NA,1177-04772,RT,I,U,400,1050,26.1,29.7,237,2003-11-07T13:45:00Z
894,11,8,2003,13:01,NA,1801-53143,RT,I,U,362,840,23.2,26.1,206,2003-11-08T13:01:00Z
895,11,9,2003,12:00,NA,803-05944,SS,I,F,198,190,12.2,15.8,158,2003-11-09T12:00:00Z
896,11,9,2003,13:31,NA,2003-99374,SS,I,F,190,200,12.7,15,157,2003-11-09T13:31:00Z
897,11,11,2003,10:15,NA,2003-99375,SS,I,F,197,185,12.8,15.6,157,2003-11-11T10:15:00Z
898,11,13,2003,14:00,NA,1177-04773,RT,A,U,370,1000,26.9,31.4,201,2003-11-13T14:00:00Z
899,11,14,2003,13:35,NA,1213-58910,SS,I,F,200,185,12.8,15.2,158,2003-11-14T13:35:00Z
900,11,17,2003,10:19,NA,1177-04774,RT,A,U,360,1325,26.2,30.6,224,2003-11-17T10:19:00Z
901,11,18,2003,13:29,NA,1177-04775,RT,A,U,366,945,25.3,27.2,199,2003-11-18T13:29:00Z
902,11,18,2003,13:45,NA,1177-04776,RT,A,U,402,1350,28.7,31,219,2003-11-18T13:45:00Z
903,11,18,2003,14:07,NA,1207-53144,RT,I,U,366,805,23.5,25.7,217,2003-11-18T14:07:00Z
904,11,18,2003,14:44,NA,1177-04777,RT,I,U,380,1525,26,27.6,224,2003-11-18T14:44:00Z
905,11,19,2003,10:18,NA,803-05985,SS,I,F,190,175,12.7,15.4,150,2003-11-19T10:18:00Z
906,11,19,2003,12:02,NA,1807-53145,RT,I,U,360,790,21.9,27.6,211,2003-11-19T12:02:00Z
907,11,20,2003,9:56,NA,1177-04778,RT,I,U,369,860,25.2,28,207,2003-11-20T09:56:00Z
908,11,20,2003,13:30,NA,1207-53145,RT,A,U,199,1290,28.7,32.1,222,2003-11-20T13:30:00Z
