S.No;Patient Id;Joint Pain:;Gender;Age;Menopause Age;height  (meter);Weight (KG) ;Smoker;Alcoholic;Diabetic;Hypothyroidism;Number of Pregnancies;Seizer Disorder;Estrogen Use;Occupation ;History of Fracture;Dialysis:;Family History of Osteoporosis;Maximum Walking distance (km);Daily Eating habits;Medical History;T-score Value;Z-Score Value;BMI: ;Site;Obesity;Diagnosis,,,,,,,,
153;N28;yes;male;32;;1,68;63;yes;no;no;no;;no;no;barber;no;no;no;2;normal;no;-0,16;-0,53;22,32142857;knee;normal weight;normal,,,,
60;N12;yes;male;25;;1,73736;64;no;no;no;no;;no;no;student;no;no;no;3;normal;hernia;-0,31;-0,36;21,20314764;knee;normal weight;normal,,,,
18;N3;yes;male;24;;1,76784;63;no;no;no;no;;no;no;student;no;no;yes;5;normal;disk;-0,41;-0,41;20,15833401;knee;normal weight;normal,,,,
37;N7;yes;male;23;;1,73736;83;no;no;no;no;;no;no;student;no;no;yes;2;normal;no;-0,42;-0,48;27,49783209;knee;over weight;normal,,,,
30;N5;yes;male;44;;1,61544;70;yes;no;no;no;;no;no;labour;no;no;no;8;normal;no;-0,43;-0,41;26,82355746;knee;over weight;normal,,,,
141;N23;yes;male;35;;1,65;85;no;no;no;no;;no;no;clerk;no;no;no;1;normal;no;-0,43;-2,87;31,22130395;knee;obesity ;normal,,,,
231;N36;yes;female;27;;1,49;49;no;no;no;yes;;no;yes;student;hip injury;no;yes;0,3;normal;no;-0,47;-0,42;22,07107788;knee;normal weight;normal,,,
64;N13;yes;male;39;;1,73736;65;no;no;no;no;;no;no;businesman;no;no;no;2;normal;no;-0,48;-0,41;21,53444682;knee;normal weight;normal,,,,
143;N25;yes;male;27;;1,54;54;yes;no;no;no;;no;no;clerk;no;no;no;1;normal;no;-0,48;-2,95;22,76943835;knee;normal weight;normal,,,,
16;N2;yes;female;28;;1,524;68;no;no;no;no;1;no;no;h.wife;L.foot;no;no;0,5;normal;no;-0,51;-0,37;29,27783633;knee;over weight;normal,,,
171;N31;yes;female;35;;1,52;51;no;no;no;no;1;no;no;teacher;no;no;yes;1;normal;no;-0,52;-0,59;22,07409972;knee;normal weight;normal,,,,
183;N33;yes;male;30;;1,59;59;no;no;no;no;;no;no;plumber;no;no;yes;1;normal;no;-0,52;-2,93;23,33768443;knee;normal weight;normal,,,,
230;N35;yes;female;24;;1,63;71;no;no;no;no;;no;no;student;no;no;yes;0,2;normal;no;-0,52;-0,56;26,72287252;knee;over weight;normal,,,
81;N15;yes;male;34;;1,76784;73;no;no;no;no;;no;no;mobile technician;no;no;yes;3;normal;no;-0,58;-0,51;23,35806957;knee;normal weight;normal,,,,
99;N16;yes;female;30;;1,58496;68;no;no;no;no;;no;no;Teacher;ankle fracture;no;yes;1;normal;disk, PCOD;-0,58;-0,51;27,06900549;knee;over weight;normal,,,
57;N10;yes;female;30;;1,55448;73;no;no;no;no;;no;no;h.wife;no;no;no;2;normal;no;-0,58;-0,51;30,2101292;knee;obesity ;normal,,,,
69;N14;yes;female;30;;1,58496;63;no;no;no;yes;1;no;no;h.wife;no;no;no;2;no protiens;arthrities;-0,6;-0,62;25,07863744;knee;over weight;normal,,,,
15;N1;yes;male;40;;1,61544;74;no;no;no;no;;no;no;businesman;no;no;yes;1;normal;no;-0,61;-0,34;28,35633218;knee;over weight;normal,,,,
118;N19;yes;female;30;;1,524;68;no;no;no;no;2;no;no;h.wife;no;no;no;2;normal;no;-0,68;-0,45;29,27783633;knee;over weight;normal,,,,
132;N21;yes;male;40;;1,6764;71;no;no;no;no;;no;no;teacher;no;no;no;3;no calcium diet;fatty liver, cholestrol ;-0,69;-0,58;25,2640542;knee;over weight;normal,,,
136;N22;yes;male;38;;1,70688;84;no;no;no;no;;no;no;businessman;no;yes;no;3;;no;-0,71;-0,58;28,8319029;knee;over weight;normal,,,,
160;N29;yes;male;40;;1,72;68;yes;no;no;no;;no;no;farmer;no;no;no;1;low protiens;no;-0,72;-0,52;22,98539751;knee;normal weight;normal,,,,
119;N20;yes;female;25;;1,58496;60;no;no;no;no;;no;no;student;no;no;no;2;normal;no;-0,76;-0,43;23,88441661;knee;normal weight;normal,,,,
240;N37;yes;male;39;;1,63;70;no;no;no;no;;no;no;bussinesman;knee fracture;no;no;5;low salt;no;-0,76;-0,59;26,34649403;knee;over weight;normal,,,,
214;N34;yes;female;37;;1,49;75;no;no;no;no;3;no;no;h.wife;no;no;yes;0,2;normal;disk, stomach cyst, scizerians;-0,76;-0,7;33,78226206;knee;obesity ;normal,
142;N24;yes;female;35;;1,5;57;no;no;no;no;3;no;no;h.wife;no;no;no;0,3;normal;no;-0,78;-0,76;25,33333333;knee;over weight;normal,,,
113;N17;yes;male;38;;1,70688;74;yes;no;no;no;;no;no;businessman;no;no;no;3;normal;no;-0,78;-0,43;25,39953351;knee;over weight;normal,,,,
58;N11;yes;female;35;;1,524;68;no;no;no;yes;1;no;no;h.wife;no;no;no;2;normal;no;-0,81;-0,67;29,27783633;knee;over weight;normal,,,,
26;N4;yes;male;45;;1,64592;60;yes;no;yes;no;;no;no;G.E;no;no;no;1;normal;B.P;-0,83;-0,36;22,14796382;knee;normal weight;normal,,,,
32;N6;yes;female;49;48;1,46304;68;no;no;no;no;4;no;no;h.wife;no;no;no;2;normal;Hernia;-0,83;-0,46;31,7684856;knee;obesity ;normal,,,,
161;N30;yes;male;45;;1,72;65;no;no;no;no;;no;no;carpenter;no;no;no;10;no onions;no;-0,86;-1,23;21,97133586;knee;normal weight;normal,,,,
116;N18;yes;female;37;;1,58496;69;no;no;no;no;2;no;no;h.wife;no;no;no;2;normal;no;-0,86;-0,57;27,4670791;knee;over weight;normal,,,,
146;N27;yes;female;37;;1,41;58;no;no;no;no;;no;no;;lab technician;no;yes;4;normal;no;-0,87;-0,69;29,17358282;knee;over weight;normal,,,,
38;N8;yes;female;30;;1,43256;50;no;no;no;no;3;no;no;h.wife;no;no;no;0,3;normal;no;-0,88;0,59;24,36376283;knee;normal weight;normal,,,
172;N32;yes;female;39;;1,54;69;no;no;no;no;1;no;no;h.wife;R.arm;no;yes;3;normal;no;-0,89;-0,68;29,09428234;knee;over weight;normal,,,,
144;N26;yes;female;35;;1,49;73;no;no;no;no;3;no;no;h.wife;no;no;yes;2;normal;no;-0,89;-1,01;32,88140174;knee;obesity ;normal,,,,
49;N9;yes;female;42;37;1,55448;73;no;no;no;yes;3;no;no;h.wife;no;no;no;0,5;low protiens;uterus removed;-0,97;-0,41;30,2101292;knee;obesity ;normal,,,
65;OP45;yes;male;42;;1,6764;75;no;no;no;yes;;no;no;businesman;no;no;no;6;no fats;fatty liver, cholestrol ;-1,01;-0,76;26,6873812;knee;over weight;osteopenia,,,
84;OP59;yes;female;34;;1,55448;68;no;no;no;no;2;no;no;h.wife;no;no;no;2;normal;no;-1,03;-0,67;28,14094227;knee;over weight;osteopenia,,,,
100;OP74;yes;female;36;32;1,6764;70;no;no;no;no;1;no;no;h.wife;no;no;no;1;normal;L.breast removed, chemotherapy;-1,05;-0,88;24,90822245;knee;over weight;osteopenia,,,
206;OP132;yes;female;40;;1,57;67;no;no;no;no;6;no;no;h.wife;no;no;yes;0,3;normal;disk, low b.p, scizerian;-1,05;-1,08;27,18163009;knee;over weight;osteopenia,
219;OP140;yes;female;40;;1,57;70;no;no;no;no;2;no;no;h.wife;no;no;no;1;normal;scizerian;-1,05;-0,89;28,398718;knee;over weight;osteopenia,,,,
117;OP85;yes;male;50;;1,76784;80;yes;no;no;no;;no;no;businessman;no;no;no;3;normal;no;-1,06;-0,99;25,59788446;knee;over weight;osteopenia,,,,
68;OP48;yes;female;35;;1,58496;65;no;no;no;no;2;no;no;parlour;no;no;yes;1;normal;sezerian;-1,06;-0,89;25,87478466;knee;over weight;osteopenia,,,,
6;OP6;yes;male;53;;1,61544;64;no;no;no;no;;no;no;farmer;no;no;no;5;low protiens;R.arthritis, appendix;-1,08;-0,46;24,5243954;knee;normal weight;osteopenia,,,
197;OP125;yes;female;37;32;1,57;75;no;no;no;no;6;no;no;h.wife;no;no;no;0,2;low protiens;R.arthritis, low b.p;-1,08;-0,91;30,42719786;knee;obesity ;osteopenia,,
174;OP111;yes;female;40;;1,57;79;no;no;no;yes;3;no;no;h.wife;no;no;yes;0,2;low protiens;disk;-1,08;-0,79;32,04998174;knee;obesity ;osteopenia,,,
204;OP130;yes;female;35;;1,45;78;no;no;no;no;4;yes;yes;h.wife;no;no;no;1;low fats;cholestrol, fatty liver, B.P, scizerian;-1,08;-0,76;37,09869203;knee;obesity ;osteopenia,
97;OP72;yes;male;39;;1,70688;75;no;no;no;yes;4;no;no;teacher;no;no;yes;4;normal;no;-1,09;-0,93;25,74277045;knee;over weight;osteopenia,,,,
129;OP89;yes;male;40;;1,6764;74;yes;no;no;yes;;no;no;businessman;no;no;yes;1;normal;no;-1,1;-1,01;26,33154945;knee;over weight;osteopenia,,,,
128;OP88;yes;female;32;;1,49352;62;no;no;no;yes;3;no;no;h.wife;no;no;yes;2;normal;sciserian;-1,12;-1,02;27,79518725;knee;over weight;osteopenia,,,,
20;OP17;yes;male;65;;1,55448;61;no;no;no;no;;no;no;farmer;no;no;yes;3;normal;no;-1,13;-0,91;25,24408056;knee;over weight;osteopenia,,,,
11;OP11;yes;male;45;;1,64592;71;no;no;no;no;;no;no;teacher;no;no;no;1;low protiens;gout;-1,13;-0,58;26,20842385;knee;over weight;osteopenia,,,,
10;OP10;yes;female;56;47;1,40208;60;no;no;yes;no;5;no;no;h.wife;no;no;no;4;normal;no;-1,18;-1,57;30,52148511;knee;obesity ;osteopenia,,,,
39;OP29;yes;female;40;28;1,61544;70;no;no;no;no;5;yes;yes;h.wife;vertebral;no;no;4;no red meat;uterus remover, disk, seizer;-1,21;-0,48;26,82355746;knee;over weight;osteopenia,,
22;OP19;yes;female;35;;1,43256;57;no;no;no;no;5;no;no;h.wife;no;no;no;2;no red meat;no;-1,24;-0,72;27,77468962;knee;over weight;osteopenia,,,,
131;OP90;yes;female;30;;1,64592;60;no;no;no;no;3;no;no;h.wife;no;no;no;6;no protiens;no;-1,27;-0,88;22,14796382;knee;normal weight;osteopenia,,,,
80;OP56;yes;female;30;;1,58496;65;no;no;no;no;3;no;no;h.wife;no;no;no;6;no protiens;no;-1,27;-0,88;25,87478466;knee;over weight;osteopenia,,,,
61;OP42;yes;female;45;;1,55448;68;no;no;no;yes;;yes;no;h.wife;no;no;no;0,3;normal;uterus removed;-1,28;-0,96;28,14094227;knee;over weight;osteopenia,,,
91;OP66;yes;female;42;41,5;1,524;67;no;no;no;no;3;no;no;;no;no;no;1;normal;stomach;-1,28;-0,94;28,84727992;knee;over weight;osteopenia,,,
127;OP87;yes;male;48;;1,6764;64;no;no;no;no;;no;no;lecturer;no;no;no;2;normal;no;-1,29;-0,98;22,77323196;knee;normal weight;osteopenia,,,,
223;OP143;yes;male;58;;1,7;74;no;no;no;yes;;no;no;teacher;no;no;no;3;normal;disk;-1,32;-1,08;25,60553633;knee;over weight;osteopenia,,,,
14;OP14;yes;female;52;40;1,46304;74;no;no;no;no;3;no;no;teacher;yes;no;yes;0,5;normal;no;-1,37;-0,52;34,57158728;knee;obesity ;osteopenia,,,
226;OP145;yes;male;56;;1,65;69;yes;no;no;yes;;no;no;teacher;yes;no;yes;4;normal;b.p;-1,39;-1,09;25,34435262;knee;over weight;osteopenia,,,,
138;OP95;yes;female;30;;1,5;63;no;no;no;no;2;no;no;h.wife;ankle;no;no;0,3;normal;neck disk;-1,39;-2,31;28;knee;overweight;osteopenia,,,,
211;OP136;yes;male;51;;1,49;80;yes;no;no;no;;no;no;G.E;no;no;no;1;normal;no;-1,4;-0,61;36,03441286;knee;obesity ;osteopenia,,,,
12;OP12;yes;male;60;;1,524;56;no;no;no;no;;no;no;farmer;no;no;no;4;normal;no;-1,42;-1,08;24,11115933;knee;normal weight;osteopenia,,,,
27;OP22;yes;male;50;;1,61544;64;yes;no;no;no;;no;no;shopkeeper;vertebral;no;no;0,5;normal;B.P;-1,43;-2,01;24,5243954;knee;normal weight;osteopenia,,,
173;OP110;yes;female;40;;1,49;61;no;no;no;no;4;no;no;h.wife;no;no;yes;2;normal;seizerian;-1,43;-0,97;27,47623981;knee;over weight;osteopenia,,,,
88;OP63;yes;male;45;;1,76784;71;no;no;no;no;;no;no;businesman;wrist fracture;no;no;8;normal;cholestrol;-1,48;-1,21;22,71812246;knee;normal weight;osteopenia,,,,
192;OP121;no;female;34;;1,53;69;no;no;no;no;3;no;no;h.wife;no;no;no;0,3;normal;B.P, scizerian;-1,52;-1,58;29,47584262;knee;over weight;osteopenia,,
182;OP115;yes;female;45;42;1,47;65;no;no;no;no;4;no;no;h.wife;no;no;no;0,3;low protiens;G.B rem, disk, seizer;-1,52;-0,99;30,08005923;knee;obesity ;osteopenia,
229;OP147;yes;male;70;;1,53;56;no;no;no;yes;;no;no;bussinesman;no;no;no;0,2;low protiens;stomach;-1,56;-1,89;23,922423;knee;normal weight;osteopenia,,,
13;OP13;yes;female;47;47;1,524;76;no;no;no;no;4;no;no;h.wife;L.knee;no;no;0,2;normal;F.tube surgery;-1,57;-1,04;32,72228767;knee;obesity ;osteopenia,,,
52;OP37;yes;female;50;45;1,524;58;no;no;no;no;;no;no;h.wife;wrist injury;no;no;0,2;normal;no;-1,6;-1,12;24,97227217;knee;over weight;osteopenia,,,
149;OP99;yes;male;50;;1,62;66;yes;no;no;no;;no;no;labour;L.arm;no;no;7;normal;low B.P;-1,61;-1,09;25,1486054;knee;over weight;osteopenia,,,,
238;OP153;yes;male;49;;1,67;88;no;no;no;no;;no;no;teacher;L.elbow,wrist;no;yes;0,5;normal;G.B rem, fatty liver;-1,72;-1,21;31,55365915;knee;obesity ;osteopenia,
35;OP27;yes;male;59;;1,70688;58;no;no;no;no;;no;no;stenographer;collar bone ;no;no;2;low peotien;low B.P;-1,73;-1,72;19,90774248;knee;normal weight;osteopenia,,,,
7;OP7;yes;male;60;;1,524;64;yes;no;no;no;;no;no;chopan;R.knee ;no;no;1;normal;no;-1,73;-0,92;27,55561067;knee;over weight;osteopenia,,,,
101;OP75;yes;female;47;;1,55448;76;no;no;no;no;2;no;no;h.wife;hip fracture;no;yes;1;normal;seizerians-2, eye surgery;-1,75;-1,21;31,45164136;knee;obesity ;osteopenia,,,
40;OP30;yes;female;40;;1,61544;60;no;no;no;no;2;no;no;h.wife;no;no;no;2;normal;disk. Osteopenia;-1,76;-1,48;22,99162068;knee;normal weight;osteopenia,,,,
25;OP21;yes;male;63;;1,61544;76;yes;no;no;no;;no;no;R.G.E;no;no;no;4;normal;G.B rem;-1,76;-0,81;29,12271953;knee;over weight;osteopenia,,,,
134;OP92;yes;female;44;43;1,61544;80;no;no;no;yes;2;no;no;h.wife;no;no;no;4;normal;no;-1,76;-1,42;30,65549424;knee;obesity ;osteopenia,,,,
200;OP127;yes;male;47;;1,66;72;no;no;no;no;;no;no;G.E;left knee;no;yes;1;normal;no;-1,77;-2,74;26,12861083;knee;over weight;osteopenia,,,,
203;OP129;yes;male;52;;1,73;88;no;no;no;no;;no;no;G.E;left leg;no;no;0,5;normal;no;-1,77;-1,04;29,40292024;knee;over weight;osteopenia,,,
176;OP112;yes;female;49;48;1,52;64;no;no;no;no;5;no;no;h.wife;vertebral fracture;no;yes;0,2;normal;asthma, disk, cholestrol, lung;-1,78;-1,69;27,70083102;knee;over weight;osteopenia
201;OP128;yes;female;50;49;1,57;74;no;no;no;no;2;yes;yes;h.wife;no;no;no;0,5;normal;b.p, seizer;-1,78;-1,42;30,02150189;knee;obesity ;osteopenia,,
157;OP103;yes;female;48;45;1,49;69;no;no;no;yes;3;no;no;h.wife;R.shoulder;no;no;0,5;normal;Seizer, L.Ankle surgery;-1,78;-1,12;31,0796811;knee;obesity ;osteopenia,,
53;OP38;yes;male;62;;1,64592;54;no;no;no;no;;no;no;R.g.e;R.arm;no;no;2;normal;B.P;-1,81;-0,27;19,93316744;knee;normal weight;osteopenia,,,,
5;OP5;yes;female;40;;1,49352;54;no;no;no;no;3;no;no;h.wife;no;no;no;2;normal;depression;-1,81;-1,05;24,20871147;knee;normal weight;osteopenia,,,,
228;OP146;yes;male;50;;1,55;63;no;no;no;no;;no;no;farmer;R.leg;no;no;4;normal;no;-1,81;-0,79;26,2226847;knee;over weight;osteopenia,,,,
19;OP16;yes;male;64;;1,58496;70;yes;no;no;no;;no;no;businesman;no;no;no;4;normal;B.P;-1,81;-0,83;27,86515271;knee;over weight;osteopenia,,,,
28;OP23;yes;male;60;;1,55448;46;yes;no;no;no;;no;no;labour;no;no;no;5;low protien;no;-1,82;-0,37;19,03651977;knee;normal weight;osteopenia,,,,
46;OP33;yes;female;50;48;1,46304;73;no;no;no;no;2;no;no;h.wife;left foot;no;no;2;normal;uterus removed;-1,83;-0,93;34,10440366;knee;obesity ;osteopenia,,,,
155;OP102;yes;male;48;;1,69;79;yes;no;no;no;;no;no;shopkeeper;no;no;no;2;normal;no;-1,85;-2,61;27,66009594;knee;over weight;osteopenia,,,,
54;OP39;yes;female;48;45;1,6764;68;no;no;yes;no;2;no;no;h.wife;R.arm;no;no;0,3;normal;G.B removed;-1,86;-1,58;24,19655895;knee;normal weight;osteopenia,,,
180;OP113;yes;male;55;;1,6;69;no;no;no;no;;no;no;shopkeeper;no;no;yes;0,5;normal;no;-1,86;-2,42;26,953125;knee;over weight;osteopenia,,,
86;OP61;yes;female;52;32;1,64592;76;no;no;no;no;2;no;yes;h.wife;hand joint;no;yes;0,2;low fats, no sour;G.B removed, Bronchitus, B.P;-1,87;-0,99;28,05408751;knee;over weight;osteopenia
196;OP124;yes;female;52;42;1,53;69;no;no;no;no;4;no;no;h.wife;spinal injury;no;no;0,2;normal;osteoporosis, disk, B.P;-1,87;-1,42;29,47584262;knee;over weight;osteopenia,
169;OP108;yes;female;48;;1,54;70;no;no;no;no;4;no;no;;no;no;no;2;low fats;fatty liver;-1,87;-1,74;29,51593861;knee;over weight;osteopenia,,,,
112;OP82;yes;female;47;45;1,55448;73;no;no;yes;yes;4;no;no;h.wife;foot fracture;no;no;3;vegetable diet;uterus removed;-1,87;-1,28;30,2101292;knee;obesity ;osteopenia,,,,
8;OP8;yes;female;46;;1,43256;63;no;no;no;no;5;no;no;h.wife;no;no;no;2;normal;no;-1,87;-1,59;30,69834116;knee;obesity ;osteopenia,,,,
194;OP123;yes;female;65;48;1,48;75;no;no;no;no;4;no;no;h.wife;no;no;no;0,5;normal;uterus rem, G.B rem;-1,87;-0,2;34,2403214;knee;obesity ;osteopenia,,
189;OP118;yes;female;42;;1,57;74;no;no;no;no;3;no;no;teacher;no;no;no;0,4;normal;G.B rem;-1,88;-1,21;30,02150189;knee;obesity ;osteopenia,,,
212;OP137;yes;female;52;48;1,46;79;no;no;no;no;3;no;no;h.wife;no;no;yes;0,1;low fats;cholestrol, B.P;-1,88;-0,87;37,06136236;knee;obesity ;osteopenia,,
70;OP49;yes;female;55;45;1,58496;65;no;no;no;yes;1;no;no;h.wife;no;no;no;4;normal;G.B removed;-1,89;-0,89;25,87478466;knee;over weight;osteopenia,,,,
82;OP57;yes;female;50;43;1,6764;98;no;no;no;no;6;no;no;h.wife;knee fracture;no;no;1;normal;no;-1,89;-0,91;34,87151143;knee;obesity ;osteopenia,,,,
43;OP31;yes;male;54;;1,55448;65;no;no;no;no;;no;no;teacher;foot injury;no;no;6;normal;no;-1,91;-0,73;26,89943011;knee;over weight;osteopenia,,,,
3;OP3;yes;female;49;43;1,3716;59;no;no;no;yes;3;no;no;h.wife;l.leg;no;no;1;low protiens;no;-1,92;-1,51;31,36151677;knee;obesity ;osteopenia,,,,
21;OP18;yes;female;58;48;1,49352;74;no;no;no;no;5;no;no;h.wife;no;no;no;0,3;normal;B.P;-1,92;-0,71;33,17490091;knee;obesity ;osteopenia,,,
51;OP36;yes;male;66;;1,6764;64;no;no;no;no;;no;no;farmer;no;no;no;2;normal;no;-1,93;-0,47;22,77323196;knee;normal weight;osteopenia,,,,
48;OP34;yes;male;65;;1,64592;74;no;no;no;no;;no;no;businesman;no;no;no;0,2;normal;disk;-1,93;-0,77;27,31582205;knee;over weight;osteopenia,,,
29;OP24;yes;male;65;;1,64592;54;no;no;no;no;;no;no;farmer;no;no;no;3;veg & white meat;no;-1,94;-0,86;19,93316744;knee;normal weight;osteopenia,,,,
236;OP152;yes;female;56;;1,54;80;no;no;no;yes;5;yes;yes;teacher;no;no;yes;0,2;normal;scizerian, b.p;-1,97;-1,34;33,73250126;knee;obesity ;osteopenia,,
1;OP1;yes;male;65;;1,64592;65;yes;no;no;no;;no;no;shopkeeper;no;no;no;0,2;normal;normal;-1,98;0,73;23,99362747;knee;normal weight;osteopenia,,,
168;OP107;yes;female;50;44;1,47;71;no;no;no;no;6;no;no;teacher;L.elbow;no;yes;0,2;low sugar;uterus rem;-1,98;-1,6;32,85668009;knee;obesity ;osteopenia,,,
191;OP120;yes;female;45;;1,41;85;no;no;no;no;5;no;no;h.wife;left leg;no;no;0,2;normal;B.P, disk;-1,98;-1,91;42,75438861;knee;obesity ;osteopenia,,
193;OP122;yes;male;73;;1,65;64;no;no;no;no;;no;no;R.G.E;no;no;no;0,5;normal;B.P;-1,99;-1,76;23,50780533;knee;normal weight;osteopenia,,,
205;OP131;yes;female;45;;1,47;85;no;no;no;no;3;no;no;h.wife;no;no;no;0,4;low fats & salt;scizerian;-1,99;-1,91;39,33546208;knee;obesity ;osteopenia,,,
135;OP93;yes;male;50;;1,70688;67;no;no;no;yes;;no;no;teacher;yes;no;no;4;normal;no;-2,01;-1,56;22,99687493;knee;normal weight;osteopenia,,,,
17;OP15;yes;male;55;;1,49352;53;yes;no;no;no;;no;no;labour;no;no;no;6;normal;no;-2,01;-1,34;23,760402;knee;normal weight;osteopenia,,,,
78;OP55;yes;male;58;;1,61544;66;yes;no;no;no;;no;no;G.E;no;no;no;1;low protiens;cirhosis;-2,01;-1,47;25,29078275;knee;over weight;osteopenia,,,,
66;OP46;yes;male;54;;1,79832;84;yes;no;no;no;;no;no;worker;no;no;no;5;normal;G.B removed;-2,01;-1,37;25,97438883;knee;over weight;osteopenia,,,,
140;OP97;yes;female;45;;1,53;65;no;no;no;no;3;yes;yes;h.wife;shoulder ;no;no;0,2;normal;B.P;-2,01;-1,78;27,76709812;knee;over weight;osteopenia,,,
216;OP139;yes;female;45;;1,53;65;no;no;no;no;3;yes;yes;h.wife;shoulder fracture;no;no;0,2;normal;b.p;-2,01;-1,78;27,76709812;knee;over weight;osteopenia,,,
239;OP154;yes;female;56;48;1,52;68;no;no;no;no;6;no;no;h.wife;no;no;yes;0,2;low fats,proteins;G.B& uterus rem, intestine surgery;-2,01;-1,13;29,43213296;knee;overweight;osteopenia,
96;OP71;yes;female;50;35;1,55448;74;no;no;no;yes;2;no;no;h.wife;no;no;no;0,5;normal;B.P, disk;-2,01;-1,87;30,62396658;knee;obesity ;osteopenia,,
90;OP65;yes;male;55;;1,76784;98;yes;no;no;yes;;no;no;businesman;no;no;no;0,5;not fats, low protien;cirhosis, kidney problem;-2,01;-1,48;31,35740847;knee;obesity ;osteopenia,
235;OP151;yes;male;54;;1,69;68;no;no;no;no;;no;no;G.E;no;no;yes;6;normal;no;-2,02;-2,45;23,80869017;knee;normal weight;osteopenia,,,,
215;OP138;yes;female;45;42;1,62;88;no;no;no;no;3;yes;yes;h.wife;no;no;no;6;normal;uterus rem, dense elbow surgery;-2,02;-1,78;33,53147386;knee;obesity ;osteopenia,,,
56;OP40;yes;female;45;;1,64592;70;no;no;no;no;2;no;no;h.wife;no;no;no;2;no sour food;no;-2,03;-1,78;25,83929112;knee;over weight;osteopenia,,,,
83;OP58;yes;male;55;;1,76784;81;no;no;no;no;;no;no;businesman;no;no;no;2;normal;no;-2,03;-1,45;25,91785802;knee;over weight;osteopenia,,,,
190;OP119;yes;female;50;35;1,53;61;no;no;no;no;4;no;no;h.wife;no;no;no;0,2;normal;B.P;-2,03;-1,6;26,05835362;knee;over weight;osteopenia,,,
233;OP149;yes;male;56;;1,59;68;yes;no;no;yes;;no;no;G.E;L.leg;no;no;3;normal;liver cyst;-2,03;-1,46;26,89767019;knee;over weight;osteopenia,,,,
44;OP32;yes;female;50;;1,524;84;no;no;yes;no;6;no;no;h.wife;no;no;no;0,5;normal;no;-2,05;-1,38;36,166739;knee;obesity ;osteopenia,,,
73;OP51;yes;male;59;;1,70688;73;no;no;no;no;;no;no;G.E;no;no;no;8;normal;no;-2,06;-1,31;25,05629657;knee;over weight;osteopenia,,,,
102;OP76;yes;male;57;;1,79832;87;no;no;no;no;;no;no;teacher;no;no;no;6;normal;no;-2,06;-1,46;26,90204557;knee;over weight;osteopenia,,,,
115;OP84;yes;female;50;45;1,58496;68;no;no;no;no;3;no;no;h.wife;no;no;no;1;normal;no;-2,07;-1,35;27,06900549;knee;over weight;osteopenia,,,,
71;OP50;yes;male;60;;1,73736;77;no;no;no;no;;no;no;G.E;no;no;yes;3;normal;no;-2,08;-1,46;25,510037;knee;over weight;osteopenia,,,,
76;OP53;yes;male;66;;1,73736;80;no;no;no;no;;no;no;G.E;hip & head fracture;no;no;3;normal;no;-2,08;-1,86;26,50393454;knee;over weight;osteopenia,,,,
232;OP148;yes;male;62;;1,69;82;yes;no;no;no;;no;no;R.G.E;no;no;yes;0,5;normal;no;-2,08;-2,19;28,71047932;knee;over weight;osteopenia,,,
220;OP141;yes;female;55;45;1,51;59;no;no;no;no;;no;yes;h.wife;no;no;yes;0,3;normal;b.p, stomach;-2,09;-1,52;25,87605807;knee;over weight;osteopenia,,
163;OP104;yes;male;54;;1,57;65;no;no;no;no;;no;no;carpenter;no;no;no;1;low fats;no;-2,09;-2,45;26,37023814;knee;over weight;osteopenia,,,,
59;OP41;yes;female;47;47;1,58496;68;no;no;no;no;4;no;no;h.wife;no;no;no;1;normal;R.F;-2,09;-1,46;27,06900549;knee;over weight;osteopenia,,,,
188;OP117;yes;female;50;48;1,52;63;no;no;no;no;5;no;no;h.wife;left knee;no;no;1;normal;no;-2,09;-1,87;27,26800554;knee;over weight;osteopenia,,,,
209;OP134;yes;female;30;;1,6;75;no;no;no;no;2;no;no;h.wife;no;no;yes;0,3;normal;disk;-2,09;-2,13;29,296875;knee;over weight;osteopenia,,,
94;OP69;yes;female;55;35;1,58496;69;no;no;no;yes;4;no;no;h.wife;no;no;no;2;low protien, fats and no sour food;G.B removed, b.p, stomach;-2,1;-0,96;27,4670791;knee;over weight;osteopenia,
87;OP62;yes;female;60;50;1,3716;55;no;no;no;no;3;no;no;h.wife;no;no;yes;;normal;hypertnsn;-2,1;-1,03;29,23531224;knee;over weight;osteopenia,,,,
166;OP106;yes;male;55;;1,46;64;yes;no;no;no;;no;no;farmer;no;no;no;2;normal;R.arthritis, posture change;-2,1;-2,42;30,02439482;knee;obesity ;osteopenia,,,
106;OP79;yes;female;45;45;1,524;72;no;no;no;no;2;no;no;h.wife;no;no;no;1;normal;no;-2,1;-1,76;31,000062;knee;obesity ;osteopenia,,,,
74;OP52;yes;female;48;45;1,61544;82;no;no;no;no;2;no;no;h.wife;no;no;yes;2;normal;no;-2,1;-1,67;31,4218816;knee;obesity ;osteopenia,,,,
85;OP60;yes;female;45;35;1,55448;80;no;no;no;yes;2;no;no;h.wife;ankle;no;no;0,3;normal;B.P, G.B removed;-2,1;-1,67;33,1069909;knee;obesity ;osteopenia,,
234;OP150;yes;female;47;41;1,48;78;no;no;no;yes;3;no;no;h.wife;L.ankle;no;no;0,2;normal;uterus rem;-2,1;-1,67;35,60993426;knee;obesity ;osteopenia,,,
181;OP114;yes;female;50;48;1,51;74;no;no;no;no;3;no;no;h.wife;R.foot;no;no;1;normal;G.B rem, fatty liver;-2,12;-2,38;32,4547169;knee;obesity ;osteopenia,,,
170;OP109;yes;female;48;45;1,54;67;no;no;no;no;5;no;no;h.wife;R.wrist,shoulder;no;yes;2;normal;uterus rem, breast surg, seizer(2);-2,13;-1,74;28,25096981;knee;over weight;osteopenia,
34;OP26;yes;male;65;;1,6764;85;yes;no;no;no;;no;no;R.G.E;no;no;yes;1;normal;R.arthritis;-2,13;-0,83;30,24569869;knee;obesity ;osteopenia,,,,
137;OP94;yes;male;62;;1,65;71;no;no;yes;no;;no;no;R.G.E;no;no;yes;3;less salt & sugar;B.P, Stunt;-2,15;-1,09;26,07897153;knee;over weight;osteopenia,,,
210;OP135;yes;female;55;48;1,45;70;no;no;no;no;3;no;no;h.wife;no;no;no;0,3;normal;no;-2,15;-1,76;33,29369798;knee;obesity ;osteopenia,,,
89;OP64;yes;male;60;;1,70688;78;no;no;no;yes;;no;no;shopkeeper;no;no;no;4;normal;G.B removed;-2,16;-1,46;26,77248127;knee;over weight;osteopenia,,,,
108;OP80;yes;female;50;48;1,58496;69;no;no;no;no;5;no;no;h.wife;no;no;no;1;normal;no;-2,18;-1,09;27,4670791;knee;over weight;osteopenia,,,,
104;OP78;yes;male;62;;1,70688;70;no;no;no;yes;;no;no;G.E;no;no;no;2;Normal;hypertnsn;-2,2;-1,51;24,02658575;knee;normal weight;osteopenia,,,,
77;OP54;yes;female;50;47;1,46304;58;no;no;no;no;3;no;no;h.wife;no;no;yes;2;normal;cyst removed;-2,2;-1,9;27,09664949;knee;over weight;osteopenia,,,,
67;OP47;yes;female;58;45;1,49352;76;no;no;no;no;2;no;no;h.wife;no;no;no;1;normal;sezerian, uterus removed;-2,21;-2,1;34,07151985;knee;obesity ;osteopenia,,,
31;OP25;yes;female;50;46;1,49352;58;no;no;no;no;4;no;no;h.wife;R.foot;no;no;1;normal;no;-2,22;-1,05;26,00194936;knee;over weight;osteopenia,,,,
93;OP68;yes;female;54;48;1,55448;63;no;no;no;yes;2;no;no;h.wife;no;no;no;0,5;veg diet;Rhee haar, fatty liver, disk;-2,22;-1,16;26,07175533;knee;over weight;osteopenia,
95;OP70;yes;female;54;45;1,55448;73;no;no;no;no;3;no;no;h.wife;ankle fracture;no;yes;2;normal;B.P;-2,22;-1,16;30,2101292;knee;obesity ;osteopenia,,,,
24;OP20;yes;male;70;;1,55448;64;yes;no;no;no;;no;no;farmer;no;no;yes;2;normal;no;-2,23;-1,08;26,48559272;knee;over weight;osteopenia,,,,
109;OP81;yes;female;45;;1,61544;70;no;no;no;no;4;no;no;h.wife;no;no;no;2;normal;no;-2,23;-0,89;26,82355746;knee;over weight;osteopenia,,,,
4;OP4;yes;female;57;40;1,524;72;no;no;no;yes;3;no;no;teacher;no;no;no;2;low fats;uterus removed;-2,23;-1,13;31,000062;knee;obesity ;osteopenia,,,,
114;OP83;yes;female;50;48;1,49352;72;no;no;no;no;4;no;no;h.wife;no;no;no;1;normal;no;-2,23;-0,76;32,27828197;knee;obesity ;osteopenia,,,,
139;OP96;yes;female;52;42;1,65;63;no;no;no;no;2;no;no;nurse;R.foot;no;no;0,5;normal;uterus rem, appendex, disk;-2,24;-1,19;23,14049587;knee;normal weight;osteopenia,
9;OP9;yes;female;45;47;1,55448;39;no;no;no;no;4;no;no;h.wife;no;no;yes;2;normal;no;-2,25;-1,19;16,13965806;knee;under weight;osteopenia,,,,
2;OP2;yes;female;54;46;1,6764;78;no;no;no;no;3;no;no;h.wife;no;no;no;1;normal;G.B rem, B.P;-2,26;-2,71;27,75487645;knee;over weight;osteopenia,,,
103;OP77;yes;female;55;43;1,64592;54;no;no;no;no;2;no;no;h.wife;wrist fracture;no;no;2;low protien & sugar;uterus & ovary removed;-2,28;-1,13;19,93316744;knee;normal weight;osteopenia,,,,
63;OP44;yes;female;52;48;1,55448;70;no;no;no;no;3;no;no;h.wife;no;no;no;0,2;normal;no;-2,28;-2,09;28,96861704;knee;over weight;osteopenia,,,
165;OP105;yes;male;58;;1,57;78;no;no;no;no;;no;no;G.E;no;no;no;10;low protiens;no;-2,28;-2,32;31,64428577;knee;obesity ;osteopenia,,,,
152;OP101;yes;female;50;48;1,49;68;no;no;no;no;4;no;no;h.wife;no;no;no;1;normal;no;-2,29;-2,48;30,62925093;knee;obesity ;osteopenia,,,,
148;OP98;yes;female;48;;1,52;74;no;no;no;yes;2;no;no;health worker;head;no;yes;0,5;normal;G.D rem, seizer, brain cont;-2,31;-2,57;32,02908587;knee;obesity ;osteopenia,
151;OP100;yes;female;55;45;1,58;68;no;no;no;no;5;no;no;h.wife;no;no;no;1;normal;GERD, ;-2,32;-2,08;27,23922448;knee;over weight;osteopenia,,,
207;OP133;yes;female;50;48;1,47;78;no;no;no;no;4;no;no;h.wife;no;no;yes;0,2;low fats;disk;-2,32;-0,98;36,09607108;knee;obesity ;osteopenia,,,
133;OP91;yes;female;53;50;1,49352;52;no;no;no;no;3;no;yes;h.wife;no;no;no;5;normal;no;-2,33;-1,86;23,31209253;knee;normal weight;osteopenia,,,,
36;OP28;yes;female;50;49;1,58496;75;no;no;no;no;4;no;no;teacher;no;no;yes;2;low protiens, no sour food;no;-2,35;-0,68;29,85552076;knee;over weight;osteopenia,,,
50;OP35;yes;female;55;48;1,46304;68;no;no;no;no;7;no;no;h.wife;no;no;no;2;normal;no;-2,36;-1,98;31,7684856;knee;obesity ;osteopenia,,,,
121;OP86;yes;female;50;;1,46304;68;no;no;no;no;6;no;no;h.wife;no;no;no;1;normal;no;-2,36;-1,74;31,7684856;knee;obesity ;osteopenia,,,,
62;OP43;yes;male;70;;1,73736;70;no;no;no;no;;no;no;farmer;no;no;no;1;normal;ankle surgery, b.p, ;-2,37;-1,86;23,19094273;knee;normal weight;osteopenia,,
184;OP116;yes;male;55;;1,47;59;yes;no;no;no;;no;no;shopkeeper;no;no;no;3;normal;no;-2,37;-2,42;27,30343838;knee;over weight;osteopenia,,,,
221;OP142;yes;female;50;;1,51;62;no;no;no;yes;2;no;no;h.wife;no;no;no;1;low protiens;R.arthrities;-2,39;-1,6;27,19178983;knee;over weight;osteopenia,,,,
224;OP144;yes;female;60;48;1,51;62;no;no;no;yes;4;no;no;h.wife;no;no;no;0,5;normal;no;-2,39;-1,21;27,19178983;knee;over weight;osteopenia,,,
198;OP126;yes;male;50;;1,64;77;no;no;no;no;;no;no;farmer;knee fracture;no;no;3;low protiens;b.p;-2,39;-2,12;28,62879239;knee;over weight;osteopenia,,,,
98;OP73;yes;male;75;;1,70688;66;no;no;no;no;;no;no;R.N T;hip fracture;no;no;0,2;normal;intestine surgery, urine, kyphotic;-2,45;-1,18;22,65363799;knee;normal weight;osteopenia,
92;OP67;yes;female;65;47;1,55448;88;no;no;no;no;2;no;no;h.wife;foot fracture;no;no;1;low protiens;B.P;-2,45;-0,79;36,41768999;knee;obesity ;osteopenia,,,,
126;OS20;yes;male;62;;1,70688;65;yes;no;no;no;;no;no;teacher;no;no;yes;8;normal;no;-2,5;-1,85;22,31040106;knee;normal weight;osteoporosis,,,,
72;OS8;no;male;55;;1,8288;92;no;no;no;no;;no;no;businesman;no;no;yes;5;normal;no;-2,5;-2,45;27,50777106;knee;over weight;osteoporosis,,,,
75;OS9;yes;male;55;;1,8288;92;no;no;no;no;;no;no;businesman;no;no;yes;5;normal;no;-2,5;-2,45;27,50777106;knee;over weight;osteoporosis,,,,
202;OS41;yes;female;55;45;1,47;74;no;no;no;no;6;no;no;h.wife;no;no;no;0,5;low protiens &fats;no;-2,5;-2,29;34,24499051;knee;obesity ;osteoporosis,,,
105;OS11;yes;male;60;;1,6764;78;no;no;no;no;;no;no;G.E;no;no;no;1;normal;no;-2,51;-1,09;27,75487645;knee;over weight;osteoporosis,,,,
186;OS37;yes;female;60;48;1,5;49;no;no;no;no;6;no;no;h.wife;no;no;yes;0,2;normal;G.B rem,uterus rem,disk;-2,52;-0,9;21,77777778;knee;normal weight;osteoporosis,
179;OS35;yes;female;60;48;1,46;51;no;no;no;no;5;no;no;h.wife;no;no;yes;1;normal;no;-2,52;-0,9;23,92568962;knee;normal weight;osteoporosis,,,,
41;OS3;yes;male;65;;1,64592;76;no;no;no;no;;no;no;farmer;no;no;yes;1;normal;no;-2,52;-1,18;28,05408751;knee;over weight;osteoporosis,,,,
217;OS44;yes;male;65;;1,61;90;yes;no;yes;no;;no;no;bussinesman;vertebral fracture;no;no;0,2;normal;vertebral surgery;-2,52;-1,23;34,72088268;knee;obesity ;osteoporosis,,,
125;OS19;yes;female;58;49;1,43256;57;no;no;no;no;2;no;no;h.wife;lumbar fracture;no;yes;0,3;normal;cholestrol, B.P;-2,53;-1,01;27,77468962;knee;over weight;osteoporosis,,
150;OS24;yes;female;47;46;1,54;68;no;no;no;no;1;no;no;h.wife;no;no;yes;0,2;normal;seizer, B.P;-2,53;-2,01;28,67262608;knee;over weight;osteoporosis,,
208;OS42;yes;female;65;45;1,38;58;no;no;no;no;3;no;no;h.wife;no;no;no;1;normal;no;-2,53;-0,71;30,4557866;knee;obesity ;osteoporosis,,,,
156;OS26;yes;female;52;48;1,47;69;no;no;no;no;5;no;no;h.wife;wrist;no;yes;0,5;normal;B.P;-2,53;-2,31;31,9311398;knee;obesity ;osteoporosis,,,
107;OS12;yes;male;71;;1,70688;73;no;no;no;no;;no;no;farmer;no;no;no;1,5;normal;no;-2,56;-1,56;25,05629657;knee;over weight;osteoporosis,,,
225;OS47;yes;female;50;44;1,55;64;no;no;no;no;7;no;no;h.wife;no;no;no;1;normal;scizerian;-2,56;-1,6;26,63891779;knee;over weight;osteoporosis,,,,
55;OS7;yes;male;70;;1,6764;80;no;no;yes;no;;no;no;R.g.e;no;no;no;0,2;low sugar;B.P;-2,56;-0,98;28,46653995;knee;over weight;osteoporosis,,,
162;OS29;yes;male;17;;1,74;61;no;no;no;no;;no;no;;no;no;yes;0,5;normal;no;-2,57;-2,99;20,14797199;knee;normal weight;osteoporosis,,,
123;OS17;yes;female;61;57;1,70688;64;no;no;no;yes;3;no;no;R.G.E;arm fracture;no;yes;0,5;no fats and sugar;disk, uric acid, TG;-2,57;-1,08;21,96716412;knee;normal weight;osteoporosis,
122;OS16;yes;female;70;50;1,49352;50;no;no;no;no;3;no;no;h.wife;knee replaced;no;no;0,3;normal;B.P, head injury;-2,57;-0,82;22,41547359;knee;normal weight;osteoporosis,,
79;OS10;yes;female;65;50;1,55448;73;no;no;no;no;3;no;no;h.wife;no;no;yes;1;normal;uterus removed;-2,57;-1,08;30,2101292;knee;obesity ;osteoporosis,,,,
47;OS6;yes;male;76;;1,70688;90;yes;no;no;no;;no;no;forest guard;left foot;no;no;0,2;normal;no;-2,57;-0,71;30,89132454;knee;obesity ;osteoporosis,,,
159;OS28;yes;female;55;48;1,53;60;no;no;no;no;3;no;no;h.wife;no;no;no;4;normal;no;-2,58;-1,08;25,6311675;knee;over weight;osteoporosis,,,,
130;OS21;yes;female;59;48;1,55448;65;no;no;no;no;4;no;no;h.wife;no;no;yes;0,5;normal;no;-2,58;-1,65;26,89943011;knee;over weight;osteoporosis,,,
175;OS32;yes;female;60;48;1,53;69;no;no;yes;no;4;no;no;h.wife;neck fracture;no;no;0,2;low protiens;B.P, Gout, Uterus rem;-2,58;-2,18;29,47584262;knee;over weight;osteoporosis,
227;OS48;yes;male;65;;1,69;79;no;no;no;no;;no;no;R.G.E;R.leg;no;yes;0,5;normal;no;-2,59;-1,21;27,66009594;knee;over weight;osteoporosis,,,
23;OS1;yes;female;65;50;1,40208;64;no;no;no;no;7;no;no;h.wife;vertebral ;no;no;4;normal;disk;-2,62;-2,11;32,55625079;knee;obesity ;osteoporosis,,,,
187;OS38;yes;male;63;;1,61;83;yes;no;no;no;;no;no;R.G.E;no;no;yes;0,5;normal;b.p, prostrate;-2,63;-2,16;32,02036958;knee;obesity ;osteoporosis,,
185;OS36;yes;male;72;;1,54;75;no;no;no;no;;no;no;R.lecturer;R.arm;no;no;5;normal;B.p;-2,65;-1,81;31,62421994;knee;obesity ;osteoporosis,,,,
147;OS23;yes;male;75;;1,57;59;yes;no;no;no;;no;no;farmer;L.leg;no;no;3;normal;vertebral surgery;-2,66;-2,57;23,93606231;knee;normal weight;osteoporosis,,,,
111;OS14;yes;male;75;;1,70688;72;yes;no;no;no;;no;no;farmer;no;no;no;1;normal;no;-2,67;-1,04;24,71305963;knee;normal weight;osteoporosis,,,,
120;OS15;yes;male;70;;1,70688;70;no;no;no;no;;no;no;farmer;no;no;no;1;low fats;no;-2,69;-1,89;24,02658575;knee;normal weight;osteoporosis,,,,
158;OS27;yes;male;107;;1,63;58;yes;no;no;no;;no;no;R.G.E;R.ankle;no;no;2;normal;no;-2,7;-1,53;21,8299522;knee;normal weight;osteoporosis,,,,
213;OS43;yes;male;75;;1,56;48;yes;no;no;no;;no;no;h.wife;no;no;no;0,2;normal;disk;-2,75;-0,93;19,72386588;knee;normal weight;osteoporosis,,,
124;OS18;yes;male;62;;1,73736;71;yes;no;yes;no;;no;no;G.E;yes;no;no;2;normal;Cardiac;-2,75;-1,98;23,52224191;knee;normal weight;osteoporosis,,,,
177;OS33;yes;male;65;;1,49;54;yes;no;no;no;;no;no;farmer;no;no;no;10;normal;no;-2,76;-2,09;24,32322868;knee;normal weight;osteoporosis,,,,
154;OS25;yes;male;62;;1,72;70;no;no;no;no;;no;no;G.E;no;no;no;2;normal;G.B rem;-2,78;-2,19;23,66143862;knee;normal weight;osteoporosis,,,,
145;OS22;yes;male;70;;1,45;58;yes;no;no;no;;no;no;farmer;vertebral fracture;no;no;3;;no;-2,79;-1,67;27,5862069;knee;over weight;osteoporosis,,,,
199;OS40;yes;male;70;;1,62;77;no;no;yes;no;;no;no;bussinesman;no;no;yes;2;low protiens;b.p;-2,79;-1,89;29,34003963;knee;over weight;osteoporosis,,,,
167;OS31;yes;male;55;;1,61;84;no;no;no;no;;no;no;G.E;no;no;no;2;normal;b.p;-2,81;-2,42;32,40615717;knee;obesity ;osteoporosis,,,,
33;OS2;yes;male;70;;1,6764;74;no;no;no;no;;no;no;R.G.E;no;no;no;1,5;normal;no;-2,82;-2,45;26,33154945;knee;over weight;osteoporosis,,,
164;OS30;yes;male;65;;1,67;70;yes;no;no;no;;no;no;G.E;no;no;no;0,5;normal;no;-2,87;-2,09;25,0995016;knee;over weight;osteoporosis,,,
42;OS4;yes;female;56;52;1,64592;65;no;no;no;no;5;no;no;h.wife;R. wrist ;no;no;0,3;normal;uterus rem;-2,88;-2,62;23,99362747;knee;normal weight;osteoporosis,,,
218;OS45;yes;male;50;;1,68;71;no;no;no;no;;no;no;teacher;yes;no;no;5;normal;no;-2,92;-2,56;25,15589569;knee;over weight;osteoporosis,,,,
222;OS46;yes;male;70;;1,54;58;yes;no;no;no;;no;no;farmer;both legs;no;no;1;normal;no;-2,97;-2,01;24,45606342;knee;normal weight;osteoporosis,,,,
110;OS13;yes;female;70;48;1,46304;68;no;no;yes;no;6;no;no;h.wife;no;no;no;1;low fats;no;-2,98;-1,87;31,7684856;knee;obesity ;osteoporosis,,,,
178;OS34;yes;male;71;;1,58;59;no;no;no;no;;no;no;R.Police;L.knee;no;no;2;normal;disk;-2,99;-1,85;23,63403301;knee;normal weight;osteoporosis,,,,
195;OS39;yes;male;65;;1,65;65;no;no;no;no;;no;no;R.G.E;no;no;no;1;normal;no;-2,99;-2,09;23,87511478;knee;normal weight;osteoporosis,,,,
237;OS49;yes;male;55;;1,53;63;no;no;no;no;;no;no;G.E;no;no;no;6;normal;heart;-2,99;-2,42;26,91272587;knee;over weight;osteoporosis,,,,
45;OS5;yes;female;70;48;1,524;77;no;no;no;no;6;no;no;h.wife;no;no;no;0,2;normal;B.P;-2,99;-2,39;33,15284408;knee;obesity ;osteoporosis,,,
;;;;107;max;1,8288;98;;;;;;;;;;;;;;;;;;;;,,,,,,,
;;;;17;min;1,3716;39;;;;;;;;;;;;;;;;;;;;,,,,,,,
;;;;51,04583333;avg;1,585659333;69,05833333;;;;;;;;;;;;;;;;;;;;,,,,,
