CODMES;efecto_pandemia;efecto_crisi2008;Morosidad_prct;PIB;PIB_vartri;PIB_varanual;PIB_lag3;PIB_lag6;PIB_lag9;PIB_lag12;TasaParo_prct;Tasaparo_vartri;Tasaparo_varanual;Tasaparo_lag3;Tasaparo_lag6;Tasaparo_lag9;Tasaparo_lag12;IPC;IPC_var_mensual;IPC_vartri;IPC_varanual;IPC_lag3;IPC_lag6;IPC_lag9;IPC_lag12;Precio_avg_m2viviendas;Precio_avg_m2viviendas_vartri;Precio_avg_m2viviendas_varanual;Precio_avg_m2viviendas_lag3;Precio_avg_m2viviendas_lag6;Precio_avg_m2viviendas_lag9;Precio_avg_m2viviendas_lag12;Precio_vivienda_x_Rentabrutahogar;Precio_vivienda_x_Rentabrutahogar_vartri;Precio_vivienda_x_Rentabrutahogar_varanual;Precio_vivienda_x_Rentabrutahogar_lag3;Precio_vivienda_x_Rentabrutahogar_lag6;Precio_vivienda_x_Rentabrutahogar_lag9;Precio_vivienda_x_Rentabrutahogar_lag12;Tipo_cambio_EUR_USD;Tipo_cambio_EUR_USD_vartri;Tipo_cambio_EUR_USD_varanual;Tipo_cambio_EUR_USD_lag3;Tipo_cambio_EUR_USD_lag6;Tipo_cambio_EUR_USD_lag9;Tipo_cambio_EUR_USD_lag12;Renta_dispo_hogares_mm;Renta_dispo_hogares_mm_vartri;Renta_dispo_hogares_mm_varanual;Renta_dispo_hogares_mm_lag3;Renta_dispo_hogares_mm_lag6;Renta_dispo_hogares_mm_lag9;Renta_dispo_hogares_mm_lag12
2010_01;0;1;5,31;99,98;-0,02;0,16;100;100,03;99,82;99,82;19,84;6,32;15,08;18,66;17,75;17,77;17,24;91,8;-1,5;0,64;0,66;92,7;91,9;92,3;91,2;1865,7;-1,41;-4,72;1892,3;1896,8;1920,9;1958,1;8,67;-0,57;0,35;8,72;8,57;8,6;8,64;1,4272;-3,67;7,8;1,4816;1,4088;1,319;1,32;157478;-14,34;1,77;183842;161612;186909;154738
2010_02;0;1;5,4;99,98;-0,02;0,16;100;100,03;99,82;99,82;19,84;6,32;15,08;18,66;17,75;17,77;17,24;91,6;-0,22;0,64;0,44;93,2;92,3;92,2;91,2;1865,7;-1,41;-4,72;1892,3;1896,8;1920,9;1958,1;8,67;-0,57;0,35;8,72;8,57;8,6;8,64;1,3686;-8,23;7,05;1,4914;1,4268;1,365;1,28;157478;-14,34;1,77;183842;161612;186909;154738
2010_03;0;1;5,33;99,98;-0,02;0,16;100;100,03;99,82;99,82;19,84;6,32;15,08;18,66;17,75;17,77;17,24;93,8;2,4;0,64;2,63;93,2;92,1;92,7;91,4;1865,7;-1,41;-4,72;1892,3;1896,8;1920,9;1958,1;8,67;-0,57;0,35;8,72;8,57;8,6;8,64;1,3569;-7,15;3,98;1,4614;1,4562;1,4016;1,31;157478;-14,34;1,77;183842;161612;186909;154738
2010_04;0;1;5,49;100,13;0,15;0,31;99,98;100;100,03;99,82;19,89;0,25;11,93;19,84;18,66;17,75;17,77;94,5;0,75;0,85;2,38;91,8;92,7;91,9;92,3;1848,9;-0,9;-3,75;1865,7;1892,3;1896,8;1920,9;8,77;1,15;1,98;8,67;8,72;8,57;8,6;1,3406;-6,07;1,64;1,4272;1,4816;1,4088;1,32;187501;19,06;0,32;157478;183842;161612;186909
2010_05;0;1;5,5;100,13;0,15;0,31;99,98;100;100,03;99,82;19,89;0,25;11,93;19,84;18,66;17,75;17,77;94,5;0;0,85;2,49;91,6;93,2;92,3;92,2;1848,9;-0,9;-3,75;1865,7;1892,3;1896,8;1920,9;8,77;1,15;1,98;8,67;8,72;8,57;8,6;1,2565;-8,19;-7,95;1,3686;1,4914;1,4268;1,37;187501;19,06;0,32;157478;183842;161612;186909
2010_06;0;1;5,35;100,13;0,15;0,31;99,98;100;100,03;99,82;19,89;0,25;11,93;19,84;18,66;17,75;17,77;94,6;0,11;0,85;2,05;93,8;93,2;92,1;92,7;1848,9;-0,9;-3,75;1865,7;1892,3;1896,8;1920,9;8,77;1,15;1,98;8,67;8,72;8,57;8,6;1,2209;-10,02;-12,89;1,3569;1,4614;1,4562;1,4;187501;19,06;0,32;157478;183842;161612;186909
2010_07;0;1;5,48;100,08;-0,05;0,05;100,13;99,98;100;100,03;19,59;-1,51;10,37;19,89;19,84;18,66;17,75;93,5;-1,16;0;1,74;94,5;91,8;92,7;91,9;1832;-0,91;-3,42;1848,9;1865,7;1892,3;1896,8;8,61;-1,82;0,47;8,77;8,67;8,72;8,57;1,277;-4,74;-9,36;1,3406;1,4272;1,4816;1,41;161024;-14,12;-0,36;187501;157478;183842;161612
2010_08;0;1;5,64;100,08;-0,05;0,05;100,13;99,98;100;100,03;19,59;-1,51;10,37;19,89;19,84;18,66;17,75;93,8;0,32;0;1,63;94,5;91,6;93,2;92,3;1832;-0,91;-3,42;1848,9;1865,7;1892,3;1896,8;8,61;-1,82;0,47;8,77;8,67;8,72;8,57;1,2894;2,62;-9,63;1,2565;1,3686;1,4914;1,43;161024;-14,12;-0,36;187501;157478;183842;161612
2010_09;0;1;5,51;100,08;-0,05;0,05;100,13;99,98;100;100,03;19,59;-1,51;10,37;19,89;19,84;18,66;17,75;94,6;0,85;0;2,71;94,6;93,8;93,2;92,1;1832;-0,91;-3,42;1848,9;1865,7;1892,3;1896,8;8,61;-1,82;0,47;8,77;8,67;8,72;8,57;1,3067;7,03;-10,27;1,2209;1,3569;1,4614;1,46;161024;-14,12;-0,36;187501;157478;183842;161612
2010_10;0;1;5,68;100,14;0,06;0,14;100,08;100,13;99,98;100;20,11;2,65;7,77;19,59;19,89;19,84;18,66;95;0,42;1,37;2,48;93,5;94,5;91,8;92,7;1825,5;-0,35;-3,53;1832;1848,9;1865,7;1892,3;8,71;1,16;-0,11;8,61;8,77;8,67;8,72;1,3898;8,83;-6,2;1,277;1,3406;1,4272;1,48;184321;14,47;0,26;161024;187501;157478;183842
2010_11;0;1;5,69;100,14;0,06;0,14;100,08;100,13;99,98;100;20,11;2,65;7,77;19,59;19,89;19,84;18,66;95,3;0,32;1,37;2,25;93,8;94,5;91,6;93,2;1825,5;-0,35;-3,53;1832;1848,9;1865,7;1892,3;8,71;1,16;-0,11;8,61;8,77;8,67;8,72;1,3661;5,95;-8,4;1,2894;1,2565;1,3686;1,49;184321;14,47;0,26;161024;187501;157478;183842
2010_12;0;1;5,81;100,14;0,06;0,14;100,08;100,13;99,98;100;20,11;2,65;7,77;19,59;19,89;19,84;18,66;95,9;0,63;1,37;2,9;94,6;94,6;93,8;93,2;1825,5;-0,35;-3,53;1832;1848,9;1865,7;1892,3;8,71;1,16;-0,11;8,61;8,77;8,67;8,72;1,322;1,17;-9,54;1,3067;1,2209;1,3569;1,46;184321;14,47;0,26;161024;187501;157478;183842
2011_01;0;1;6,06;99,99;-0,15;0,01;100,14;100,08;100,13;99,98;21,08;4,82;6,25;20,11;19,59;19,89;19,84;94,6;-1,36;1,04;3,05;95;93,5;94,5;91,8;1777,6;-2,62;-4,72;1825,5;1832;1848,9;1865,7;8,44;-3,1;-2,65;8,71;8,61;8,77;8,67;1,336;-3,87;-6,39;1,3898;1,277;1,3406;1,43;158284;-14,13;0,51;184321;161024;187501;157478
2011_02;0;1;6,2;99,99;-0,15;0,01;100,14;100,08;100,13;99,98;21,08;4,82;6,25;20,11;19,59;19,89;19,84;94,7;0,11;1,04;3,38;95,3;93,8;94,5;91,6;1777,6;-2,62;-4,72;1825,5;1832;1848,9;1865,7;8,44;-3,1;-2,65;8,71;8,61;8,77;8,67;1,3649;-0,09;-0,27;1,3661;1,2894;1,2565;1,37;158284;-14,13;0,51;184321;161024;187501;157478
2011_03;0;1;6,11;99,99;-0,15;0,01;100,14;100,08;100,13;99,98;21,08;4,82;6,25;20,11;19,59;19,89;19,84;96,9;2,32;1,04;3,3;95,9;94,6;94,6;93,8;1777,6;-2,62;-4,72;1825,5;1832;1848,9;1865,7;8,44;-3,1;-2,65;8,71;8,61;8,77;8,67;1,3999;5,89;3,17;1,322;1,3067;1,2209;1,36;158284;-14,13;0,51;184321;161024;187501;157478
2011_04;0;1;6,36;99,68;-0,31;-0,45;99,99;100,14;100,08;100,13;20,64;-2,09;3,77;21,08;20,11;19,59;19,89;97,8;0,93;0,62;3,49;94,6;95;93,5;94,5;1752,1;-1,43;-5,24;1777,6;1825,5;1832;1848,9;8,26;-2,13;-5,82;8,44;8,71;8,61;8,77;1,4442;8,1;7,73;1,336;1,3898;1,277;1,34;190365;20,27;1,53;158284;184321;161024;187501
2011_05;0;1;6,49;99,68;-0,31;-0,45;99,99;100,14;100,08;100,13;20,64;-2,09;3,77;21,08;20,11;19,59;19,89;97,7;-0,1;0,62;3,39;94,7;95,3;93,8;94,5;1752,1;-1,43;-5,24;1777,6;1825,5;1832;1848,9;8,26;-2,13;-5,82;8,44;8,71;8,61;8,77;1,4349;5,13;14,2;1,3649;1,3661;1,2894;1,26;190365;20,27;1,53;158284;184321;161024;187501
2011_06;0;1;6,69;99,68;-0,31;-0,45;99,99;100,14;100,08;100,13;20,64;-2,09;3,77;21,08;20,11;19,59;19,89;97,5;-0,2;0,62;3,07;96,9;95,9;94,6;94,6;1752,1;-1,43;-5,24;1777,6;1825,5;1832;1848,9;8,26;-2,13;-5,82;8,44;8,71;8,61;8,77;1,4388;2,78;17,85;1,3999;1,322;1,3067;1,22;190365;20,27;1,53;158284;184321;161024;187501
2011_07;0;1;6,93;99,03;-0,65;-1,05;99,68;99,99;100,14;100,08;21,28;3,1;8,63;20,64;21,08;20,11;19,59;96,3;-1,23;0;2,99;97,8;94,6;95;93,5;1729,3;-1,3;-5,61;1752,1;1777,6;1825,5;1832;8;-3,15;-7,08;8,26;8,44;8,71;8,61;1,4264;-1,23;11,7;1,4442;1,336;1,3898;1,28;163737;-13,99;1,68;190365;158284;184321;161024
2011_08;0;1;7,15;99,03;-0,65;-1,05;99,68;99,99;100,14;100,08;21,28;3,1;8,63;20,64;21,08;20,11;19,59;96,3;0;0;2,67;97,7;94,7;95,3;93,8;1729,3;-1,3;-5,61;1752,1;1777,6;1825,5;1832;8;-3,15;-7,08;8,26;8,44;8,71;8,61;1,4343;-0,04;11,24;1,4349;1,3649;1,3661;1,29;163737;-13,99;1,68;190365;158284;184321;161024
2011_09;0;1;7,16;99,03;-0,65;-1,05;99,68;99,99;100,14;100,08;21,28;3,1;8,63;20,64;21,08;20,11;19,59;97,5;1,25;0;3,07;97,5;96,9;95,9;94,6;1729,3;-1,3;-5,61;1752,1;1777,6;1825,5;1832;8;-3,15;-7,08;8,26;8,44;8,71;8,61;1,377;-4,3;5,38;1,4388;1,3999;1,322;1,31;163737;-13,99;1,68;190365;158284;184321;161024
2011_10;0;1;7,42;98,37;-0,67;-1,77;99,03;99,68;99,99;100,14;22,56;6,02;12,18;21,28;20,64;21,08;20,11;97,9;0,41;0,62;3,05;96,3;97,8;94,6;95;1701,8;-1,59;-6,78;1729,3;1752,1;1777,6;1825,5;7,76;-3;-10,91;8;8,26;8,44;8,71;1,3706;-3,91;-1,38;1,4264;1,4442;1,336;1,39;182125;11,23;-1,19;163737;190365;158284;184321
2011_11;0;1;7,52;98,37;-0,67;-1,77;99,03;99,68;99,99;100,14;22,56;6,02;12,18;21,28;20,64;21,08;20,11;98,1;0,2;0,62;2,94;96,3;97,7;94,7;95,3;1701,8;-1,59;-6,78;1729,3;1752,1;1777,6;1825,5;7,76;-3;-10,91;8;8,26;8,44;8,71;1,3556;-5,49;-0,77;1,4343;1,4349;1,3649;1,37;182125;11,23;-1,19;163737;190365;158284;184321
2011_12;0;1;7,84;98,37;-0,67;-1,77;99,03;99,68;99,99;100,14;22,56;6,02;12,18;21,28;20,64;21,08;20,11;98,1;0;0,62;2,29;97,5;97,5;96,9;95,9;1701,8;-1,59;-6,78;1729,3;1752,1;1777,6;1825,5;7,76;-3;-10,91;8;8,26;8,44;8,71;1,3179;-4,29;-0,31;1,377;1,4388;1,3999;1,32;182125;11,23;-1,19;163737;190365;158284;184321
2012_01;0;1;8,13;97,46;-0,93;-2,53;98,37;99,03;99,68;99,99;24,19;7,23;14,75;22,56;21,28;20,64;21,08;96,5;-1,63;0,51;2,01;97,9;96,3;97,8;94,6;1649,3;-3,08;-7,22;1701,8;1729,3;1752,1;1777,6;7,49;-3,48;-11,26;7,76;8;8,26;8,44;1,2905;-5,84;-3,41;1,3706;1,4264;1,4442;1,34;152977;-16;-3,35;182125;163737;190365;158284
2012_02;0;1;8,3;97,46;-0,93;-2,53;98,37;99,03;99,68;99,99;24,19;7,23;14,75;22,56;21,28;20,64;21,08;96,5;0;0,51;1,9;98,1;96,3;97,7;94,7;1649,3;-3,08;-7,22;1701,8;1729,3;1752,1;1777,6;7,49;-3,48;-11,26;7,76;8;8,26;8,44;1,3224;-2,45;-3,11;1,3556;1,4343;1,4349;1,36;152977;-16;-3,35;182125;163737;190365;158284
2012_03;0;1;8,37;97,46;-0,93;-2,53;98,37;99,03;99,68;99,99;24,19;7,23;14,75;22,56;21,28;20,64;21,08;98,6;2,18;0,51;1,75;98,1;97,5;97,5;96,9;1649,3;-3,08;-7,22;1701,8;1729,3;1752,1;1777,6;7,49;-3,48;-11,26;7,76;8;8,26;8,44;1,3201;0,17;-5,7;1,3179;1,377;1,4388;1,4;152977;-16;-3,35;182125;163737;190365;158284
2012_04;0;1;8,73;96,52;-0,96;-3,17;97,46;98,37;99,03;99,68;24,4;0,87;18,22;24,19;22,56;21,28;20,64;99,7;1,12;0,71;1,94;96,5;97,9;96,3;97,8;1606,4;-2,6;-8,32;1649,3;1701,8;1729,3;1752,1;7,31;-2,4;-11,5;7,49;7,76;8;8,26;1,3162;1,99;-8,86;1,2905;1,3706;1,4264;1,44;177909;16,3;-6,54;152977;182125;163737;190365
2012_05;0;1;8,96;96,52;-0,96;-3,17;97,46;98,37;99,03;99,68;24,4;0,87;18,22;24,19;22,56;21,28;20,64;99,5;-0,2;0,71;1,84;96,5;98,1;96,3;97,7;1606,4;-2,6;-8,32;1649,3;1701,8;1729,3;1752,1;7,31;-2,4;-11,5;7,49;7,76;8;8,26;1,2789;-3,29;-10,87;1,3224;1,3556;1,4343;1,43;177909;16,3;-6,54;152977;182125;163737;190365
2012_06;0;1;9,65;96,52;-0,96;-3,17;97,46;98,37;99,03;99,68;24,4;0,87;18,22;24,19;22,56;21,28;20,64;99,3;-0,2;0,71;1,85;98,6;98,1;97,5;97,5;1606,4;-2,6;-8,32;1649,3;1701,8;1729,3;1752,1;7,31;-2,4;-11,5;7,49;7,76;8;8,26;1,2526;-5,11;-12,94;1,3201;1,3179;1,377;1,44;177909;16,3;-6,54;152977;182125;163737;190365
2012_07;0;1;10,09;96,02;-0,52;-3,04;96,52;97,46;98,37;99,03;24,79;1,6;16,49;24,4;24,19;22,56;21,28;98,4;-0,91;1,51;2,18;99,7;96,5;97,9;96,3;1565,6;-2,54;-9,47;1606,4;1649,3;1701,8;1729,3;7,11;-2,74;-11,13;7,31;7,49;7,76;8;1,2288;-6,64;-13,85;1,3162;1,2905;1,3706;1,43;156041;-12,29;-4,7;177909;152977;182125;163737
2012_08;0;1;10,52;96,02;-0,52;-3,04;96,52;97,46;98,37;99,03;24,79;1,6;16,49;24,4;24,19;22,56;21,28;98,9;0,51;1,51;2,7;99,5;96,5;98,1;96,3;1565,6;-2,54;-9,47;1606,4;1649,3;1701,8;1729,3;7,11;-2,74;-11,13;7,31;7,49;7,76;8;1,24;-3,04;-13,55;1,2789;1,3224;1,3556;1,43;156041;-12,29;-4,7;177909;152977;182125;163737
2012_09;0;1;10,71;96,02;-0,52;-3,04;96,52;97,46;98,37;99,03;24,79;1,6;16,49;24,4;24,19;22,56;21,28;100,8;1,92;1,51;3,38;99,3;98,6;98,1;97,5;1565,6;-2,54;-9,47;1606,4;1649,3;1701,8;1729,3;7,11;-2,74;-11,13;7,31;7,49;7,76;8;1,2856;2,63;-6,64;1,2526;1,3201;1,3179;1,38;156041;-12,29;-4,7;177909;152977;182125;163737
2012_10;0;1;11,23;95,31;-0,74;-3,11;96,02;96,52;97,46;98,37;25,77;3,95;14,23;24,79;24,4;24,19;22,56;101,3;0,5;0,3;3,47;98,4;99,7;96,5;97,9;1531,2;-2,2;-10,02;1565,6;1606,4;1649,3;1701,8;7,19;1,13;-7,35;7,11;7,31;7,49;7,76;1,2974;5,58;-5,34;1,2288;1,3162;1,2905;1,37;171310;9,79;-5,94;156041;177909;152977;182125
2012_11;0;1;11,38;95,31;-0,74;-3,11;96,02;96,52;97,46;98,37;25,77;3,95;14,23;24,79;24,4;24,19;22,56;101,1;-0,2;0,3;3,06;98,9;99,5;96,5;98,1;1531,2;-2,2;-10,02;1565,6;1606,4;1649,3;1701,8;7,19;1,13;-7,35;7,11;7,31;7,49;7,76;1,2828;3,45;-5,37;1,24;1,2789;1,3224;1,36;171310;9,79;-5,94;156041;177909;152977;182125
2012_12;0;1;10,43;95,31;-0,74;-3,11;96,02;96,52;97,46;98,37;25,77;3,95;14,23;24,79;24,4;24,19;22,56;101,1;0;0,3;3,06;100,8;99,3;98,6;98,1;1531,2;-2,2;-10,02;1565,6;1606,4;1649,3;1701,8;7,19;1,13;-7,35;7,11;7,31;7,49;7,76;1,3119;2,05;-0,46;1,2856;1,2526;1,3201;1,32;171310;9,79;-5,94;156041;177909;152977;182125
2013_01;0;1;10,78;95,02;-0,3;-2,5;95,31;96,02;96,52;97,46;26,94;4,54;11,37;25,77;24,79;24,4;24,19;99,2;-1,88;0,1;2,8;101,3;98,4;99,7;96,5;1516,4;-0,97;-8,06;1531,2;1565,6;1606,4;1649,3;6,77;-5,84;-9,61;7,19;7,11;7,31;7,49;1,3288;2,42;2,97;1,2974;1,2288;1,3162;1,29;150868;-11,93;-1,38;171310;156041;177909;152977
2013_02;0;1;10,4;95,02;-0,3;-2,5;95,31;96,02;96,52;97,46;26,94;4,54;11,37;25,77;24,79;24,4;24,19;99,3;0,1;0,1;2,9;101,1;98,9;99,5;96,5;1516,4;-0,97;-8,06;1531,2;1565,6;1606,4;1649,3;6,77;-5,84;-9,61;7,19;7,11;7,31;7,49;1,3359;4,14;1,02;1,2828;1,24;1,2789;1,32;150868;-11,93;-1,38;171310;156041;177909;152977
2013_03;0;1;10,47;95,02;-0,3;-2,5;95,31;96,02;96,52;97,46;26,94;4,54;11,37;25,77;24,79;24,4;24,19;101,2;1,91;0,1;2,64;101,1;100,8;99,3;98,6;1516,4;-0,97;-8,06;1531,2;1565,6;1606,4;1649,3;6,77;-5,84;-9,61;7,19;7,11;7,31;7,49;1,2964;-1,18;-1,8;1,3119;1,2856;1,2526;1,32;150868;-11,93;-1,38;171310;156041;177909;152977
2013_04;0;1;10,88;94,93;-0,09;-1,65;95,02;95,31;96,02;96,52;26,06;-3,27;6,8;26,94;25,77;24,79;24,4;101,2;0;0,2;1,5;99,2;101,3;98,4;99,7;1502,8;-0,9;-6,45;1516,4;1531,2;1565,6;1606,4;6,67;-1,48;-8,76;6,77;7,19;7,11;7,31;1,3026;-1,97;-1,03;1,3288;1,2974;1,2288;1,32;179251;18,81;0,75;150868;171310;156041;177909
2013_05;0;1;11,22;94,93;-0,09;-1,65;95,02;95,31;96,02;96,52;26,06;-3,27;6,8;26,94;25,77;24,79;24,4;101,3;0,1;0,2;1,81;99,3;101,1;98,9;99,5;1502,8;-0,9;-6,45;1516,4;1531,2;1565,6;1606,4;6,67;-1,48;-8,76;6,77;7,19;7,11;7,31;1,2982;-2,82;1,51;1,3359;1,2828;1,24;1,28;179251;18,81;0,75;150868;171310;156041;177909
2013_06;0;1;11,63;94,93;-0,09;-1,65;95,02;95,31;96,02;96,52;26,06;-3,27;6,8;26,94;25,77;24,79;24,4;101,4;0,1;0,2;2,11;101,2;101,1;100,8;99,3;1502,8;-0,9;-6,45;1516,4;1531,2;1565,6;1606,4;6,67;-1,48;-8,76;6,77;7,19;7,11;7,31;1,3189;1,74;5,29;1,2964;1,3119;1,2856;1,25;179251;18,81;0,75;150868;171310;156041;177909
2013_07;0;1;11,98;94,9;-0,03;-1,17;94,93;95,02;95,31;96,02;25,65;-1,57;3,47;26,06;26,94;25,77;24,79;100,3;-1,08;-0,1;1,93;101,2;99,2;101,3;98,4;1495,3;-0,5;-4,49;1502,8;1516,4;1531,2;1565,6;6,72;0,75;-5,49;6,67;6,77;7,19;7,11;1,308;0,41;6,45;1,3026;1,3288;1,2974;1,23;153059;-14,61;-1,91;179251;150868;171310;156041
2013_08;0;1;12,14;94,9;-0,03;-1,17;94,93;95,02;95,31;96,02;25,65;-1,57;3,47;26,06;26,94;25,77;24,79;100,5;0,2;-0,1;1,62;101,3;99,3;101,1;98,9;1495,3;-0,5;-4,49;1502,8;1516,4;1531,2;1565,6;6,72;0,75;-5,49;6,67;6,77;7,19;7,11;1,331;2,53;7,34;1,2982;1,3359;1,2828;1,24;153059;-14,61;-1,91;179251;150868;171310;156041
2013_09;0;1;12,67;94,9;-0,03;-1,17;94,93;95,02;95,31;96,02;25,65;-1,57;3,47;26,06;26,94;25,77;24,79;101,3;0,8;-0,1;0,5;101,4;101,2;101,1;100,8;1495,3;-0,5;-4,49;1502,8;1516,4;1531,2;1565,6;6,72;0,75;-5,49;6,67;6,77;7,19;7,11;1,3348;1,21;3,83;1,3189;1,2964;1,3119;1,29;153059;-14,61;-1,91;179251;150868;171310;156041
2013_10;0;1;13;95,06;0,17;-0,26;94,9;94,93;95,02;95,31;25,73;0,31;-0,16;25,65;26,06;26,94;25,77;101,3;0;0,1;0;100,3;101,2;99,2;101,3;1466,9;-1,9;-4,2;1495,3;1502,8;1516,4;1531,2;6,66;-0,89;-7,37;6,72;6,67;6,77;7,19;1,3635;4,24;5,09;1,308;1,3026;1,3288;1,3;172725;12,85;0,83;153059;179251;150868;171310
2013_11;0;1;13,07;95,06;0,17;-0,26;94,9;94,93;95,02;95,31;25,73;0,31;-0,16;25,65;26,06;26,94;25,77;101,4;0,1;0,1;0,3;100,5;101,3;99,3;101,1;1466,9;-1,9;-4,2;1495,3;1502,8;1516,4;1531,2;6,66;-0,89;-7,37;6,72;6,67;6,77;7,19;1,3493;1,37;5,18;1,331;1,2982;1,3359;1,28;172725;12,85;0,83;153059;179251;150868;171310
2013_12;0;1;13,62;95,06;0,17;-0,26;94,9;94,93;95,02;95,31;25,73;0,31;-0,16;25,65;26,06;26,94;25,77;101,4;0;0,1;0,3;101,3;101,4;101,2;101,1;1466,9;-1,9;-4,2;1495,3;1502,8;1516,4;1531,2;6,66;-0,89;-7,37;6,72;6,67;6,77;7,19;1,3704;2,67;4,46;1,3348;1,3189;1,2964;1,31;172725;12,85;0,83;153059;179251;150868;171310
2014_01;0;1;13,53;95,41;0,37;0,41;95,06;94,9;94,93;95,02;25,93;0,78;-3,75;25,73;25,65;26,06;26,94;99,5;-1,87;-0,49;0,3;101,3;100,3;101,2;99,2;1459,4;-0,51;-3,76;1466,9;1495,3;1502,8;1516,4;6,7;0,6;-1,03;6,66;6,72;6,67;6,77;1,361;-0,18;2,42;1,3635;1,308;1,3026;1,33;146060;-15,44;-3,19;172725;153059;179251;150868
2014_02;0;1;13,43;95,41;0,37;0,41;95,06;94,9;94,93;95,02;25,93;0,78;-3,75;25,73;25,65;26,06;26,94;99,4;-0,1;-0,49;0,1;101,4;100,5;101,3;99,3;1459,4;-0,51;-3,76;1466,9;1495,3;1502,8;1516,4;6,7;0,6;-1,03;6,66;6,72;6,67;6,77;1,3659;1,23;2,25;1,3493;1,331;1,2982;1,34;146060;-15,44;-3,19;172725;153059;179251;150868
2014_03;0;1;13,39;95,41;0,37;0,41;95,06;94,9;94,93;95,02;25,93;0,78;-3,75;25,73;25,65;26,06;26,94;100,9;1,51;-0,49;-0,3;101,4;101,3;101,4;101,2;1459,4;-0,51;-3,76;1466,9;1495,3;1502,8;1516,4;6,7;0,6;-1,03;6,66;6,72;6,67;6,77;1,3823;0,87;6,63;1,3704;1,3348;1,3189;1,3;146060;-15,44;-3,19;172725;153059;179251;150868
2014_04;0;1;13,45;95,86;0,47;0,98;95,41;95,06;94,9;94,93;24,47;-5,63;-6,1;25,93;25,73;25,65;26,06;101,6;0,69;0,59;0,4;99,5;101,3;100,3;101,2;1459,3;-0,01;-2,89;1459,4;1466,9;1495,3;1502,8;6,79;1,34;1,8;6,7;6,66;6,72;6,67;1,3813;1,49;6,04;1,361;1,3635;1,308;1,3;176208;20,64;-1,7;146060;172725;153059;179251
2014_05;0;1;13,41;95,86;0,47;0,98;95,41;95,06;94,9;94,93;24,47;-5,63;-6,1;25,93;25,73;25,65;26,06;101,5;-0,1;0,59;0,2;99,4;101,4;100,5;101,3;1459,3;-0,01;-2,89;1459,4;1466,9;1495,3;1502,8;6,79;1,34;1,8;6,7;6,66;6,72;6,67;1,3732;0,53;5,78;1,3659;1,3493;1,331;1,3;176208;20,64;-1,7;146060;172725;153059;179251
2014_06;0;0;13,09;95,86;0,47;0,98;95,41;95,06;94,9;94,93;24,47;-5,63;-6,1;25,93;25,73;25,65;26,06;101,5;0;0,59;0,1;100,9;101,4;101,3;101,4;1459,3;-0,01;-2,89;1459,4;1466,9;1495,3;1502,8;6,79;1,34;1,8;6,7;6,66;6,72;6,67;1,3592;-1,67;3,06;1,3823;1,3704;1,3348;1,32;176208;20,64;-1,7;146060;172725;153059;179251
2014_07;0;0;13,14;96,56;0,73;1,75;95,86;95,41;95,06;94,9;23,67;-3,27;-7,72;24,47;25,93;25,73;25,65;99,9;-1,58;-0,49;-0,4;101,6;99,5;101,3;100,3;1455,8;-0,24;-2,64;1459,3;1459,4;1466,9;1495,3;6,75;-0,59;0,45;6,79;6,7;6,66;6,72;1,3539;-1,98;3,51;1,3813;1,361;1,3635;1,31;154036;-12,58;0,64;176208;146060;172725;153059
2014_08;0;0;13,24;96,56;0,73;1,75;95,86;95,41;95,06;94,9;23,67;-3,27;-7,72;24,47;25,93;25,73;25,65;100;0,1;-0,49;-0,5;101,5;99,4;101,4;100,5;1455,8;-0,24;-2,64;1459,3;1459,4;1466,9;1495,3;6,75;-0,59;0,45;6,79;6,7;6,66;6,72;1,3316;-3,03;0,05;1,3732;1,3659;1,3493;1,33;154036;-12,58;0,64;176208;146060;172725;153059
2014_09;0;0;13,02;96,56;0,73;1,75;95,86;95,41;95,06;94,9;23,67;-3,27;-7,72;24,47;25,93;25,73;25,65;101;1;-0,49;-0,3;101,5;100,9;101,4;101,3;1455,8;-0,24;-2,64;1459,3;1459,4;1466,9;1495,3;6,75;-0,59;0,45;6,79;6,7;6,66;6,72;1,2901;-5,08;-3,35;1,3592;1,3823;1,3704;1,33;154036;-12,58;0,64;176208;146060;172725;153059
2014_10;0;0;12,91;97,39;0,86;2,45;96,56;95,86;95,41;95,06;23,7;0,13;-7,89;23,67;24,47;25,93;25,73;101,1;0,1;-0,79;-0,2;99,9;101,6;99,5;101,3;1463,1;0,5;-0,26;1455,8;1459,3;1459,4;1466,9;6,71;-0,59;0,75;6,75;6,79;6,7;6,66;1,2673;-6,4;-7,06;1,3539;1,3813;1,361;1,36;179861;16,77;4,13;154036;176208;146060;172725
2014_11;0;0;12,73;97,39;0,86;2,45;96,56;95,86;95,41;95,06;23,7;0,13;-7,89;23,67;24,47;25,93;25,73;100,9;-0,2;-0,79;-0,49;100;101,5;99,4;101,4;1463,1;0,5;-0,26;1455,8;1459,3;1459,4;1466,9;6,71;-0,59;0,75;6,75;6,79;6,7;6,66;1,2472;-6,34;-7,57;1,3316;1,3732;1,3659;1,35;179861;16,77;4,13;154036;176208;146060;172725
2014_12;0;0;12,51;97,39;0,86;2,45;96,56;95,86;95,41;95,06;23,7;0,13;-7,89;23,67;24,47;25,93;25,73;100,2;-0,69;-0,79;-1,18;101;101,5;100,9;101,4;1463,1;0,5;-0,26;1455,8;1459,3;1459,4;1466,9;6,71;-0,59;0,75;6,75;6,79;6,7;6,66;1,2331;-4,42;-10,02;1,2901;1,3592;1,3823;1,37;179861;16,77;4,13;154036;176208;146060;172725
2015_01;0;0;12,55;98,51;1,15;3,25;97,39;96,56;95,86;95,41;23,78;0,34;-8,29;23,7;23,67;24,47;25,93;98;-2,2;0;-1,51;101,1;99,9;101,6;99,5;1457,9;-0,36;-0,1;1463,1;1455,8;1459,3;1459,4;6,59;-1,79;-1,64;6,71;6,75;6,79;6,7;1,1621;-8,3;-14,61;1,2673;1,3539;1,3813;1,36;153852;-14,46;5,33;179861;154036;176208;146060
2015_02;0;0;12,5;98,51;1,15;3,25;97,39;96,56;95,86;95,41;23,78;0,34;-8,29;23,7;23,67;24,47;25,93;98,2;0,2;0;-1,21;100,9;100;101,5;99,4;1457,9;-0,36;-0,1;1463,1;1455,8;1459,3;1459,4;6,59;-1,79;-1,64;6,71;6,75;6,79;6,7;1,135;-9;-16,9;1,2472;1,3316;1,3732;1,37;153852;-14,46;5,33;179861;154036;176208;146060
2015_03;0;0;12,09;98,51;1,15;3,25;97,39;96,56;95,86;95,41;23,78;0,34;-8,29;23,7;23,67;24,47;25,93;100,2;2,04;0;-0,69;100,2;101;101,5;100,9;1457,9;-0,36;-0,1;1463,1;1455,8;1459,3;1459,4;6,59;-1,79;-1,64;6,71;6,75;6,79;6,7;1,0838;-12,11;-21,59;1,2331;1,2901;1,3592;1,38;153852;-14,46;5,33;179861;154036;176208;146060
2015_04;0;0;11,95;99,57;1,08;3,87;98,51;97,39;96,56;95,86;22,37;-5,93;-8,58;23,78;23,7;23,67;24,47;100,8;0,6;1,3;-0,79;98;101,1;99,9;101,6;1476,8;1,3;1,2;1457,9;1463,1;1455,8;1459,3;6,71;1,82;-1,18;6,59;6,71;6,75;6,79;1,0779;-7,25;-21,96;1,1621;1,2673;1,3539;1,38;185786;20,76;5,44;153852;179861;154036;176208
2015_05;0;0;11,42;99,57;1,08;3,87;98,51;97,39;96,56;95,86;22,37;-5,93;-8,58;23,78;23,7;23,67;24,47;101,3;0,5;1,3;-0,2;98,2;100,9;100;101,5;1476,8;1,3;1,2;1457,9;1463,1;1455,8;1459,3;6,71;1,82;-1,18;6,59;6,71;6,75;6,79;1,115;-1,76;-18,8;1,135;1,2472;1,3316;1,37;185786;20,76;5,44;153852;179861;154036;176208
2015_06;0;0;11;99,57;1,08;3,87;98,51;97,39;96,56;95,86;22,37;-5,93;-8,58;23,78;23,7;23,67;24,47;101,5;0,2;1,3;0;100,2;100,2;101;101,5;1476,8;1,3;1,2;1457,9;1463,1;1455,8;1459,3;6,71;1,82;-1,18;6,59;6,71;6,75;6,79;1,1213;3,46;-17,5;1,0838;1,2331;1,2901;1,36;185786;20,76;5,44;153852;179861;154036;176208
2015_07;0;0;10,92;100,47;0,9;4,05;99,57;98,51;97,39;96,56;21,18;-5,32;-10,52;22,37;23,78;23,7;23,67;99,9;-1,58;-1,58;0;100,8;98;101,1;99,9;1476;-0,05;1,39;1476,8;1457,9;1463,1;1455,8;6,65;-0,89;-1,48;6,71;6,59;6,71;6,75;1,0996;2,01;-18,78;1,0779;1,1621;1,2673;1,35;159970;-13,9;3,85;185786;153852;179861;154036
2015_08;0;0;10,95;100,47;0,9;4,05;99,57;98,51;97,39;96,56;21,18;-5,32;-10,52;22,37;23,78;23,7;23,67;99,5;-0,4;-1,58;-0,5;101,3;98,2;100,9;100;1476;-0,05;1,39;1476,8;1457,9;1463,1;1455,8;6,65;-0,89;-1,48;6,71;6,59;6,71;6,75;1,1139;-0,1;-16,35;1,115;1,135;1,2472;1,33;159970;-13,9;3,85;185786;153852;179861;154036
2015_09;0;0;10,66;100,47;0,9;4,05;99,57;98,51;97,39;96,56;21,18;-5,32;-10,52;22,37;23,78;23,7;23,67;99,9;0,4;-1,58;-1,09;101,5;100,2;100,2;101;1476;-0,05;1,39;1476,8;1457,9;1463,1;1455,8;6,65;-0,89;-1,48;6,71;6,59;6,71;6,75;1,1221;0,07;-13,02;1,1213;1,0838;1,2331;1,29;159970;-13,9;3,85;185786;153852;179861;154036
2015_10;0;0;10,53;101,45;0,98;4,17;100,47;99,57;98,51;97,39;20,9;-1,32;-11,81;21,18;22,37;23,78;23,7;100,2;0,3;0,2;-0,89;99,9;100,8;98;101,1;1490,1;0,96;1,85;1476;1476,8;1457,9;1463,1;6,65;0;-0,89;6,65;6,71;6,59;6,71;1,1235;2,17;-11,35;1,0996;1,0779;1,1621;1,27;182564;14,12;1,5;159970;185786;153852;179861
2015_11;0;0;10,32;101,45;0,98;4,17;100,47;99,57;98,51;97,39;20,9;-1,32;-11,81;21,18;22,37;23,78;23,7;100,5;0,3;0,2;-0,4;99,5;101,3;98,2;100,9;1490,1;0,96;1,85;1476;1476,8;1457,9;1463,1;6,65;0;-0,89;6,65;6,71;6,59;6,71;1,0736;-3,62;-13,92;1,1139;1,115;1,135;1,25;182564;14,12;1,5;159970;185786;153852;179861
2015_12;0;0;10,12;101,45;0,98;4,17;100,47;99,57;98,51;97,39;20,9;-1,32;-11,81;21,18;22,37;23,78;23,7;100,1;-0,4;0,2;-0,1;99,9;101,5;100,2;100,2;1490,1;0,96;1,85;1476;1476,8;1457,9;1463,1;6,65;0;-0,89;6,65;6,71;6,59;6,71;1,0877;-3,07;-11,79;1,1221;1,1213;1,0838;1,23;182564;14,12;1,5;159970;185786;153852;179861
2016_01;0;0;10,12;102,14;0,68;3,68;101,45;100,47;99,57;98,51;21;0,48;-11,69;20,9;21,18;22,37;23,78;97,6;-2,5;-0,9;-0,41;100,2;99,9;100,8;98;1492,4;0,15;2,37;1490,1;1476;1476,8;1457,9;6,69;0,6;1,52;6,65;6,65;6,71;6,59;1,086;-3,34;-6,55;1,1235;1,0996;1,0779;1,16;157973;-13,47;2,68;182564;159970;185786;153852
2016_02;0;0;10,1;102,14;0,68;3,68;101,45;100,47;99,57;98,51;21;0,48;-11,69;20,9;21,18;22,37;23,78;97,2;-0,41;-0,9;-1,02;100,5;99,5;101,3;98,2;1492,4;0,15;2,37;1490,1;1476;1476,8;1457,9;6,69;0,6;1,52;6,65;6,65;6,71;6,59;1,1093;3,33;-2,26;1,0736;1,1139;1,115;1,14;157973;-13,47;2,68;182564;159970;185786;153852
2016_03;0;0;9,99;102,14;0,68;3,68;101,45;100,47;99,57;98,51;21;0,48;-11,69;20,9;21,18;22,37;23,78;99,2;2,06;-0,9;-1;100,1;99,9;101,5;100,2;1492,4;0,15;2,37;1490,1;1476;1476,8;1457,9;6,69;0,6;1,52;6,65;6,65;6,71;6,59;1,11;2,05;2,42;1,0877;1,1221;1,1213;1,08;157973;-13,47;2,68;182564;159970;185786;153852
2016_04;0;0;9,91;102,56;0,41;3;102,14;101,45;100,47;99,57;20;-4,76;-10,59;21;20,9;21,18;22,37;99,7;0,5;1,41;-1,09;97,6;100,2;99,9;100,8;1506,4;0,94;2;1492,4;1490,1;1476;1476,8;6,69;0;-0,3;6,69;6,65;6,65;6,71;1,1339;4,41;5,2;1,086;1,1235;1,0996;1,08;193128;22,25;3,95;157973;182564;159970;185786
2016_05;0;0;9,84;102,56;0,41;3;102,14;101,45;100,47;99,57;20;-4,76;-10,59;21;20,9;21,18;22,37;100,2;0,5;1,41;-1,09;97,2;100,5;99,5;101,3;1506,4;0,94;2;1492,4;1490,1;1476;1476,8;6,69;0;-0,3;6,69;6,65;6,65;6,71;1,1311;1,97;1,44;1,1093;1,0736;1,1139;1,12;193128;22,25;3,95;157973;182564;159970;185786
2016_06;0;0;9,44;102,56;0,41;3;102,14;101,45;100,47;99,57;20;-4,76;-10,59;21;20,9;21,18;22,37;100,6;0,4;1,41;-0,89;99,2;100,1;99,9;101,5;1506,4;0,94;2;1492,4;1490,1;1476;1476,8;6,69;0;-0,3;6,69;6,65;6,65;6,71;1,1229;1,16;0,14;1,11;1,0877;1,1221;1,12;193128;22,25;3,95;157973;182564;159970;185786
2016_07;0;0;9,38;103,44;0,86;2,96;102,56;102,14;101,45;100,47;18,91;-5,45;-10,72;20;21;20,9;21,18;99,3;-1,29;-0,7;-0,6;99,7;97,6;100,2;99,9;1499,7;-0,44;1,61;1506,4;1492,4;1490,1;1476;6,67;-0,3;0,3;6,69;6,69;6,65;6,65;1,1069;-2,38;0,66;1,1339;1,086;1,1235;1,1;161601;-16,32;1,02;193128;157973;182564;159970
2016_08;0;0;9,39;103,44;0,86;2,96;102,56;102,14;101,45;100,47;18,91;-5,45;-10,72;20;21;20,9;21,18;99,2;-0,1;-0,7;-0,3;100,2;97,2;100,5;99,5;1499,7;-0,44;1,61;1506,4;1492,4;1490,1;1476;6,67;-0,3;0,3;6,69;6,69;6,65;6,65;1,1212;-0,88;0,66;1,1311;1,1093;1,0736;1,11;161601;-16,32;1,02;193128;157973;182564;159970
2016_09;0;0;9,21;103,44;0,86;2,96;102,56;102,14;101,45;100,47;18,91;-5,45;-10,72;20;21;20,9;21,18;99,9;0,71;-0,7;0;100,6;99,2;100,1;99,9;1499,7;-0,44;1,61;1506,4;1492,4;1490,1;1476;6,67;-0,3;0,3;6,69;6,69;6,65;6,65;1,1212;-0,15;-0,08;1,1229;1,11;1,0877;1,12;161601;-16,32;1,02;193128;157973;182564;159970
2016_10;0;0;9,26;104,01;0,55;2,52;103,44;102,56;102,14;101,45;18,63;-1,48;-10,86;18,91;20;21;20,9;100,7;0,8;1,6;0,5;99,3;99,7;97,6;100,2;1512;0,82;1,47;1499,7;1506,4;1492,4;1490,1;6,69;0,3;0,6;6,67;6,69;6,69;6,65;1,1026;-0,39;-1,86;1,1069;1,1339;1,086;1,12;187889;16,27;2,92;161601;193128;157973;182564
2016_11;0;0;9,21;104,01;0,55;2,52;103,44;102,56;102,14;101,45;18,63;-1,48;-10,86;18,91;20;21;20,9;101;0,3;1,6;0,5;99,2;100,2;97,2;100,5;1512;0,82;1,47;1499,7;1506,4;1492,4;1490,1;6,69;0,3;0,6;6,67;6,69;6,69;6,65;1,0799;-3,68;0,59;1,1212;1,1311;1,1093;1,07;187889;16,27;2,92;161601;193128;157973;182564
2016_12;0;0;9,11;104,01;0,55;2,52;103,44;102,56;102,14;101,45;18,63;-1,48;-10,86;18,91;20;21;20,9;101,5;0,5;1,6;1,4;99,9;100,6;99,2;100,1;1512;0,82;1,47;1499,7;1506,4;1492,4;1490,1;6,69;0,3;0,6;6,67;6,69;6,69;6,65;1,0543;-5,97;-3,07;1,1212;1,1229;1,11;1,09;187889;16,27;2,92;161601;193128;157973;182564
2017_01;0;0;9,17;104,82;0,78;2,62;104,01;103,44;102,56;102,14;18,75;0,64;-10,71;18,63;18,91;20;21;100,5;-0,99;-0,2;2,97;100,7;99,3;99,7;97,6;1525,8;0,91;2,24;1512;1499,7;1506,4;1492,4;6,77;1,2;1,2;6,69;6,67;6,69;6,69;1,0614;-3,74;-2,27;1,1026;1,1069;1,1339;1,09;161835;-13,87;2,44;187889;161601;193128;157973
2017_02;0;0;9,14;104,82;0,78;2,62;104,01;103,44;102,56;102,14;18,75;0,64;-10,71;18,63;18,91;20;21;100,2;-0,3;-0,2;3,09;101;99,2;100,2;97,2;1525,8;0,91;2,24;1512;1499,7;1506,4;1492,4;6,77;1,2;1,2;6,69;6,67;6,69;6,69;1,0643;-1,44;-4,06;1,0799;1,1212;1,1311;1,11;161835;-13,87;2,44;187889;161601;193128;157973
2017_03;0;0;8,83;104,82;0,78;2,62;104,01;103,44;102,56;102,14;18,75;0,64;-10,71;18,63;18,91;20;21;101,3;1,1;-0,2;2,12;101,5;99,9;100,6;99,2;1525,8;0,91;2,24;1512;1499,7;1506,4;1492,4;6,77;1,2;1,2;6,69;6,67;6,69;6,69;1,0685;1,35;-3,74;1,0543;1,1212;1,1229;1,11;161835;-13,87;2,44;187889;161601;193128;157973
2017_04;0;0;8,85;105,9;1,03;3,26;104,82;104,01;103,44;102,56;17,22;-8,16;-13,9;18,75;18,63;18,91;20;102,2;0,89;0,89;2,51;100,5;100,7;99,3;99,7;1530;0,28;1,57;1525,8;1512;1499,7;1506,4;6,77;0;1,2;6,77;6,69;6,67;6,69;1,0723;1,03;-5,43;1,0614;1,1026;1,1069;1,13;199989;23,58;3,55;161835;187889;161601;193128
2017_05;0;0;8,74;105,9;1,03;3,26;104,82;104,01;103,44;102,56;17,22;-8,16;-13,9;18,75;18,63;18,91;20;102,2;0;0,89;2;100,2;101;99,2;100,2;1530;0,28;1,57;1525,8;1512;1499,7;1506,4;6,77;0;1,2;6,77;6,69;6,67;6,69;1,1058;3,9;-2,24;1,0643;1,0799;1,1212;1,13;199989;23,58;3,55;161835;187889;161601;193128
2017_06;0;0;8,41;105,9;1,03;3,26;104,82;104,01;103,44;102,56;17,22;-8,16;-13,9;18,75;18,63;18,91;20;102,2;0;0,89;1,59;101,3;101,5;99,9;100,6;1530;0,28;1,57;1525,8;1512;1499,7;1506,4;6,77;0;1,2;6,77;6,69;6,67;6,69;1,1229;5,09;0;1,0685;1,0543;1,1212;1,12;199989;23,58;3,55;161835;187889;161601;193128
2017_07;0;0;8,47;106,56;0,62;3,02;105,9;104,82;104,01;103,44;16,38;-4,88;-13,38;17,22;18,75;18,63;18,91;101;-1,17;-0,39;1,71;102,2;100,5;100,7;99,3;1540;0,65;2,69;1530;1525,8;1512;1499,7;6,79;0,3;1,8;6,77;6,77;6,69;6,67;1,1511;7,35;3,99;1,0723;1,0614;1,1026;1,11;165470;-17,26;2,39;199989;161835;187889;161601
2017_08;0;0;8,48;106,56;0,62;3,02;105,9;104,82;104,01;103,44;16,38;-4,88;-13,38;17,22;18,75;18,63;18,91;101,2;0,2;-0,39;2,02;102,2;100,2;101;99,2;1540;0,65;2,69;1530;1525,8;1512;1499,7;6,79;0,3;1,8;6,77;6,77;6,69;6,67;1,1807;6,77;5,31;1,1058;1,0643;1,0799;1,12;165470;-17,26;2,39;199989;161835;187889;161601
2017_09;0;0;8,33;106,56;0,62;3,02;105,9;104,82;104,01;103,44;16,38;-4,88;-13,38;17,22;18,75;18,63;18,91;101,8;0,59;-0,39;1,9;102,2;101,3;101,5;99,9;1540;0,65;2,69;1530;1525,8;1512;1499,7;6,79;0,3;1,8;6,77;6,77;6,69;6,67;1,1915;6,11;6,27;1,1229;1,0685;1,0543;1,12;165470;-17,26;2,39;199989;161835;187889;161601
2017_10;0;0;8,22;107,14;0,54;3,01;106,56;105,9;104,82;104,01;16,55;1,04;-11,16;16,38;17,22;18,75;18,63;102,4;0,59;0,88;1,69;101;102,2;100,5;100,7;1558,7;1,21;3,09;1540;1530;1525,8;1512;6,82;0,44;1,94;6,79;6,77;6,77;6,69;1,1756;2,13;6,62;1,1511;1,0723;1,0614;1,1;195659;18,24;4,14;165470;199989;161835;187889
2017_11;0;0;8,08;107,14;0,54;3,01;106,56;105,9;104,82;104,01;16,55;1,04;-11,16;16,38;17,22;18,75;18,63;102,7;0,29;0,88;1,68;101,2;102,2;100,2;101;1558,7;1,21;3,09;1540;1530;1525,8;1512;6,82;0,44;1,94;6,79;6,77;6,77;6,69;1,1738;-0,58;8,7;1,1807;1,1058;1,0643;1,08;195659;18,24;4,14;165470;199989;161835;187889
2017_12;0;0;7,79;107,14;0,54;3,01;106,56;105,9;104,82;104,01;16,55;1,04;-11,16;16,38;17,22;18,75;18,63;102,7;0;0,88;1,18;101,8;102,2;101,3;101,5;1558,7;1,21;3,09;1540;1530;1525,8;1512;6,82;0,44;1,94;6,79;6,77;6,77;6,69;1,1836;-0,66;12,26;1,1915;1,1229;1,0685;1,05;195659;18,24;4,14;165470;199989;161835;187889
2018_01;0;0;7,85;107,59;0,42;2,64;107,14;106,56;105,9;104,82;16,74;1,15;-10,72;16,55;16,38;17,22;18,75;101,2;-1,46;-0,1;0,7;102,4;101;102,2;100,5;1566,6;0,51;2,67;1558,7;1540;1530;1525,8;6,84;0,29;1,03;6,82;6,79;6,77;6,77;1,22;3,78;14,94;1,1756;1,1511;1,0723;1,06;166774;-14,76;3,05;195659;165470;199989;161835
2018_02;0;0;7,81;107,59;0,42;2,64;107,14;106,56;105,9;104,82;16,74;1,15;-10,72;16,55;16,38;17,22;18,75;101,4;0,2;-0,1;1,2;102,7;101,2;102,2;100,2;1566,6;0,51;2,67;1558,7;1540;1530;1525,8;6,84;0,29;1,03;6,82;6,79;6,77;6,77;1,2348;5,2;16,02;1,1738;1,1807;1,1058;1,06;166774;-14,76;3,05;195659;165470;199989;161835
2018_03;0;0;6,8;107,59;0,42;2,64;107,14;106,56;105,9;104,82;16,74;1,15;-10,72;16,55;16,38;17,22;18,75;102,6;1,18;-0,1;1,28;102,7;101,8;102,2;101,3;1566,6;0,51;2,67;1558,7;1540;1530;1525,8;6,84;0,29;1,03;6,82;6,79;6,77;6,77;1,2336;4,22;15,45;1,1836;1,1915;1,1229;1,07;166774;-14,76;3,05;195659;165470;199989;161835
2018_04;0;0;6,77;108,22;0,59;2,19;107,59;107,14;106,56;105,9;15,28;-8,72;-11,27;16,74;16,55;16,38;17,22;103,4;0,78;1,95;1,17;101,2;102,4;101;102,2;1587,9;1,36;3,78;1566,6;1558,7;1540;1530;6,91;1,02;2,07;6,84;6,82;6,79;6,77;1,2276;0,62;14,48;1,22;1,1756;1,1511;1,07;204005;22,32;2,01;166774;195659;165470;199989
2018_05;0;0;6,68;108,22;0,59;2,19;107,59;107,14;106,56;105,9;15,28;-8,72;-11,27;16,74;16,55;16,38;17,22;104,3;0,87;1,95;2,05;101,4;102,7;101,2;102,2;1587,9;1,36;3,78;1566,6;1558,7;1540;1530;6,91;1,02;2,07;6,84;6,82;6,79;6,77;1,1812;-4,34;6,82;1,2348;1,1738;1,1807;1,11;204005;22,32;2,01;166774;195659;165470;199989
2018_06;0;0;6,39;108,22;0,59;2,19;107,59;107,14;106,56;105,9;15,28;-8,72;-11,27;16,74;16,55;16,38;17,22;104,6;0,29;1,95;2,35;102,6;102,7;101,8;102,2;1587,9;1,36;3,78;1566,6;1558,7;1540;1530;6,91;1,02;2,07;6,84;6,82;6,79;6,77;1,1678;-5,33;4;1,2336;1,1836;1,1915;1,12;204005;22,32;2,01;166774;195659;165470;199989
2018_07;0;0;6,35;108,79;0,53;2,09;108,22;107,59;107,14;106,56;14,55;-4,78;-11,17;15,28;16,74;16,55;16,38;103,3;-1,24;-0,48;2,28;103,4;101,2;102,4;101;1589,5;0,1;3,21;1587,9;1566,6;1558,7;1540;6,94;0,43;2,21;6,91;6,84;6,82;6,79;1,1686;-4,81;1,52;1,2276;1,22;1,1756;1,15;170862;-16,25;3,26;204005;166774;195659;165470
2018_08;0;0;6,34;108,79;0,53;2,09;108,22;107,59;107,14;106,56;14,55;-4,78;-11,17;15,28;16,74;16,55;16,38;103,4;0,1;-0,48;2,17;104,3;101,4;102,7;101,2;1589,5;0,1;3,21;1587,9;1566,6;1558,7;1540;6,94;0,43;2,21;6,91;6,84;6,82;6,79;1,1549;-2,23;-2,19;1,1812;1,2348;1,1738;1,18;170862;-16,25;3,26;204005;166774;195659;165470
2018_09;0;0;6,18;108,79;0,53;2,09;108,22;107,59;107,14;106,56;14,55;-4,78;-11,17;15,28;16,74;16,55;16,38;104,1;0,68;-0,48;2,26;104,6;102,6;102,7;101,8;1589,5;0,1;3,21;1587,9;1566,6;1558,7;1540;6,94;0,43;2,21;6,91;6,84;6,82;6,79;1,1659;-0,16;-2,15;1,1678;1,2336;1,1836;1,19;170862;-16,25;3,26;204005;166774;195659;165470
2018_10;0;0;6,08;109,51;0,66;2,21;108,79;108,22;107,59;107,14;14,45;-0,69;-12,69;14,55;15,28;16,74;16,55;104,8;0,67;-0,1;2,34;103,3;103,4;101,2;102,4;1618,8;1,84;3,86;1589,5;1587,9;1566,6;1558,7;6,95;0,14;1,91;6,94;6,91;6,84;6,82;1,1484;-1,73;-2,31;1,1686;1,2276;1,22;1,18;201913;18,17;3,2;170862;204005;166774;195659
2018_11;0;0;6,01;109,51;0,66;2,21;108,79;108,22;107,59;107,14;14,45;-0,69;-12,69;14,55;15,28;16,74;16,55;104,5;-0,29;-0,1;1,75;103,4;104,3;101,4;102,7;1618,8;1,84;3,86;1589,5;1587,9;1566,6;1558,7;6,95;0,14;1,91;6,94;6,91;6,84;6,82;1,1367;-1,58;-3,16;1,1549;1,1812;1,2348;1,17;201913;18,17;3,2;170862;204005;166774;195659
2018_12;0;0;5,81;109,51;0,66;2,21;108,79;108,22;107,59;107,14;14,45;-0,69;-12,69;14,55;15,28;16,74;16,55;104;-0,48;-0,1;1,27;104,1;104,6;102,6;102,7;1618,8;1,84;3,86;1589,5;1587,9;1566,6;1558,7;6,95;0,14;1,91;6,94;6,91;6,84;6,82;1,1384;-2,36;-3,82;1,1659;1,1678;1,2336;1,18;201913;18,17;3,2;170862;204005;166774;195659
2019_01;0;0;5,88;110,17;0,6;2,4;109,51;108,79;108,22;107,59;14,7;1,73;-12,19;14,45;14,55;15,28;16,74;102,3;-1,63;-0,1;1,09;104,8;103,3;103,4;101,2;1636,3;1,08;4,45;1618,8;1589,5;1587,9;1566,6;6,95;0;1,61;6,95;6,94;6,91;6,84;1,1416;-0,59;-6,43;1,1484;1,1686;1,2276;1,22;175330;-13,17;5,13;201913;170862;204005;166774
2019_02;0;0;5,83;110,17;0,6;2,4;109,51;108,79;108,22;107,59;14,7;1,73;-12,19;14,45;14,55;15,28;16,74;102,5;0,2;-0,1;1,08;104,5;103,4;104,3;101,4;1636,3;1,08;4,45;1618,8;1589,5;1587,9;1566,6;6,95;0;1,61;6,95;6,94;6,91;6,84;1,1351;-0,14;-8,07;1,1367;1,1549;1,1812;1,23;175330;-13,17;5,13;201913;170862;204005;166774
2019_03;0;0;5,73;110,17;0,6;2,4;109,51;108,79;108,22;107,59;14,7;1,73;-12,19;14,45;14,55;15,28;16,74;103,9;1,37;-0,1;1,27;104;104,1;104,6;102,6;1636,3;1,08;4,45;1618,8;1589,5;1587,9;1566,6;6,95;0;1,61;6,95;6,94;6,91;6,84;1,1302;-0,72;-8,38;1,1384;1,1659;1,1678;1,23;175330;-13,17;5,13;201913;170862;204005;166774
2019_04;0;0;5,7;110,55;0,34;2,15;110,17;109,51;108,79;108,22;14,02;-4,63;-8,25;14,7;14,45;14,55;15,28;105,1;1,15;1,25;1,64;102,3;104,8;103,3;103,4;1637,4;0,07;3,12;1636,3;1618,8;1589,5;1587,9;6,86;-1,29;-0,72;6,95;6,95;6,94;6,91;1,1238;-1,56;-8,46;1,1416;1,1484;1,1686;1,23;218466;24,6;7,09;175330;201913;170862;204005
2019_05;0;0;5,65;110,55;0,34;2,15;110,17;109,51;108,79;108,22;14,02;-4,63;-8,25;14,7;14,45;14,55;15,28;105,3;0,19;1,25;0,96;102,5;104,5;103,4;104,3;1637,4;0,07;3,12;1636,3;1618,8;1589,5;1587,9;6,86;-1,29;-0,72;6,95;6,95;6,94;6,91;1,1185;-1,46;-5,31;1,1351;1,1367;1,1549;1,18;218466;24,6;7,09;175330;201913;170862;204005
2019_06;0;0;5,36;110,55;0,34;2,15;110,17;109,51;108,79;108,22;14,02;-4,63;-8,25;14,7;14,45;14,55;15,28;105,2;-0,09;1,25;0,57;103,9;104;104,1;104,6;1637,4;0,07;3,12;1636,3;1618,8;1589,5;1587,9;6,86;-1,29;-0,72;6,95;6,95;6,94;6,91;1,1293;-0,08;-3,3;1,1302;1,1384;1,1659;1,17;218466;24,6;7,09;175330;201913;170862;204005
2019_07;0;0;5,23;110,88;0,3;1,92;110,55;110,17;109,51;108,79;13,92;-0,71;-4,33;14,02;14,7;14,45;14,55;104;-1,14;-0,86;0,68;105,1;102,3;104,8;103,3;1638,3;0,05;3,07;1637,4;1636,3;1618,8;1589,5;6,85;-0,15;-1,3;6,86;6,95;6,95;6,94;1,1218;-0,18;-4;1,1238;1,1416;1,1484;1,17;177607;-18,7;3,95;218466;175330;201913;170862
2019_08;0;0;5,23;110,88;0,3;1,92;110,55;110,17;109,51;108,79;13,92;-0,71;-4,33;14,02;14,7;14,45;14,55;103,9;-0,1;-0,86;0,48;105,3;102,5;104,5;103,4;1638,3;0,05;3,07;1637,4;1636,3;1618,8;1589,5;6,85;-0,15;-1,3;6,86;6,95;6,95;6,94;1,1126;-0,53;-3,66;1,1185;1,1351;1,1367;1,15;177607;-18,7;3,95;218466;175330;201913;170862
2019_09;0;0;5,14;110,88;0,3;1,92;110,55;110,17;109,51;108,79;13,92;-0,71;-4,33;14,02;14,7;14,45;14,55;104,3;0,38;-0,86;0,19;105,2;103,9;104;104,1;1638,3;0,05;3,07;1637,4;1636,3;1618,8;1589,5;6,85;-0,15;-1,3;6,86;6,95;6,95;6,94;1,1004;-2,56;-5,62;1,1293;1,1302;1,1384;1,17;177607;-18,7;3,95;218466;175330;201913;170862
2019_10;0;0;5,1;111,12;0,22;1,47;110,88;110,55;110,17;109,51;13,78;-1,01;-4,64;13,92;14,02;14,7;14,45;105;0,67;0,58;0,19;104;105,1;102,3;104,8;1652,8;0,89;2,1;1638,3;1637,4;1636,3;1618,8;6,79;-0,88;-2,3;6,85;6,86;6,95;6,95;1,1053;-1,47;-3,75;1,1218;1,1238;1,1416;1,15;209509;17,96;3,76;177607;218466;175330;201913
2019_11;0;0;5;111,12;0,22;1,47;110,88;110,55;110,17;109,51;13,78;-1,01;-4,64;13,92;14,02;14,7;14,45;105;0;0,58;0,48;103,9;105,3;102,5;104,5;1652,8;0,89;2,1;1638,3;1637,4;1636,3;1618,8;6,79;-0,88;-2,3;6,85;6,86;6,95;6,95;1,1051;-0,67;-2,78;1,1126;1,1185;1,1351;1,14;209509;17,96;3,76;177607;218466;175330;201913
2019_12;0;0;4,79;111,12;0,22;1,47;110,88;110,55;110,17;109,51;13,78;-1,01;-4,64;13,92;14,02;14,7;14,45;104,9;-0,1;0,58;0,87;104,3;105,2;103,9;104;1652,8;0,89;2,1;1638,3;1637,4;1636,3;1618,8;6,79;-0,88;-2,3;6,85;6,86;6,95;6,95;1,1113;0,99;-2,38;1,1004;1,1293;1,1302;1,14;209509;17,96;3,76;177607;218466;175330;201913
2020_01;0;0;4,85;105,02;-5,49;-4,67;111,12;110,88;110,55;110,17;14,41;4,57;-1,97;13,78;13,92;14,02;14,7;103,4;-1,43;-0,86;1,08;105;104;105,1;102,3;1640,4;-0,75;0,25;1652,8;1638,3;1637,4;1636,3;6,85;0,88;-1,44;6,79;6,85;6,86;6,95;1,11;0,43;-2,77;1,1053;1,1218;1,1238;1,14;180225;-13,98;2,79;209509;177607;218466;175330
2020_02;0;0;4,82;105,02;-5,49;-4,67;111,12;110,88;110,55;110,17;14,41;4,57;-1,97;13,78;13,92;14,02;14,7;103,4;0;-0,86;0,88;105;103,9;105,3;102,5;1640,4;-0,75;0,25;1652,8;1638,3;1637,4;1636,3;6,85;0,88;-1,44;6,79;6,85;6,86;6,95;1,0905;-1,32;-3,93;1,1051;1,1126;1,1185;1,14;180225;-13,98;2,79;209509;177607;218466;175330
2020_03;0;0;4,8;105,02;-5,49;-4,67;111,12;110,88;110,55;110,17;14,41;4,57;-1,97;13,78;13,92;14,02;14,7;104;0,58;-0,86;0,1;104,9;104,3;105,2;103,9;1640,4;-0,75;0,25;1652,8;1638,3;1637,4;1636,3;6,85;0,88;-1,44;6,79;6,85;6,86;6,95;1,1063;-0,45;-2,11;1,1113;1,1004;1,1293;1,13;180225;-13,98;2,79;209509;177607;218466;175330
2020_04;1;0;4,75;86,3;-17,83;-21,94;105,02;111,12;110,88;110,55;15,33;6,38;9,34;14,41;13,78;13,92;14,02;104,4;0,38;0,87;-0,67;103,4;105;104;105,1;1610,1;-1,85;-1,67;1640,4;1652,8;1638,3;1637,4;7,01;2,34;2,19;6,85;6,79;6,85;6,86;1,0862;-2,14;-3,35;1,11;1,1053;1,1218;1,12;200181;11,07;-8,37;180225;209509;177607;218466
2020_05;1;0;4,73;86,3;-17,83;-21,94;105,02;111,12;110,88;110,55;15,33;6,38;9,34;14,41;13,78;13,92;14,02;104,4;0;0,87;-0,85;103,4;105;103,9;105,3;1610,1;-1,85;-1,67;1640,4;1652,8;1638,3;1637,4;7,01;2,34;2,19;6,85;6,79;6,85;6,86;1,0902;-0,03;-2,53;1,0905;1,1051;1,1126;1,12;200181;11,07;-8,37;180225;209509;177607;218466
2020_06;1;0;4,67;86,3;-17,83;-21,94;105,02;111,12;110,88;110,55;15,33;6,38;9,34;14,41;13,78;13,92;14,02;104,9;0,48;0,87;-0,29;104;104,9;104,3;105,2;1610,1;-1,85;-1,67;1640,4;1652,8;1638,3;1637,4;7,01;2,34;2,19;6,85;6,79;6,85;6,86;1,1255;1,74;-0,34;1,1063;1,1113;1,1004;1,13;200181;11,07;-8,37;180225;209509;177607;218466
2020_07;1;0;4,72;100,66;16,64;-9,22;86,3;105,02;111,12;110,88;16,26;6,07;16,81;15,33;14,41;13,78;13,92;103,2;-1,62;-1,14;-0,77;104,4;103,4;105;104;1619,6;0,59;-1,14;1610,1;1640,4;1652,8;1638,3;7,06;0,71;3,07;7,01;6,85;6,79;6,85;1,1463;5,53;2,18;1,0862;1,11;1,1053;1,12;180507;-9,83;1,63;200181;180225;209509;177607
2020_08;1;0;4,74;100,66;16,64;-9,22;86,3;105,02;111,12;110,88;16,26;6,07;16,81;15,33;14,41;13,78;13,92;103,2;0;-1,14;-0,67;104,4;103,4;105;103,9;1619,6;0,59;-1,14;1610,1;1640,4;1652,8;1638,3;7,06;0,71;3,07;7,01;6,85;6,79;6,85;1,1828;8,49;6,31;1,0902;1,0905;1,1051;1,11;180507;-9,83;1,63;200181;180225;209509;177607
2020_09;1;0;4,58;100,66;16,64;-9,22;86,3;105,02;111,12;110,88;16,26;6,07;16,81;15,33;14,41;13,78;13,92;103,7;0,48;-1,14;-0,58;104,9;104;104,9;104,3;1619,6;0,59;-1,14;1610,1;1640,4;1652,8;1638,3;7,06;0,71;3,07;7,01;6,85;6,79;6,85;1,1792;4,77;7,16;1,1255;1,1063;1,1113;1,1;180507;-9,83;1,63;200181;180225;209509;177607
2020_10;1;0;4,57;100,6;-0,06;-9,47;100,66;86,3;105,02;111,12;16,13;-0,8;17,05;16,26;15,33;14,41;13,78;104;0,29;0,58;-0,95;103,2;104,4;103,4;105;1622,3;0,17;-1,85;1619,6;1610,1;1640,4;1652,8;7,14;1,13;5,15;7,06;7,01;6,85;6,79;1,1775;2,72;6,53;1,1463;1,0862;1,11;1,11;204758;13,43;-2,27;180507;200181;180225;209509
2020_11;1;0;4,57;100,6;-0,06;-9,47;100,66;86,3;105,02;111,12;16,13;-0,8;17,05;16,26;15,33;14,41;13,78;104,1;0,1;0,58;-0,86;103,2;104,4;103,4;105;1622,3;0,17;-1,85;1619,6;1610,1;1640,4;1652,8;7,14;1,13;5,15;7,06;7,01;6,85;6,79;1,1838;0,08;7,12;1,1828;1,0902;1,0905;1,11;204758;13,43;-2,27;180507;200181;180225;209509
2020_12;1;0;4,51;100,6;-0,06;-9,47;100,66;86,3;105,02;111,12;16,13;-0,8;17,05;16,26;15,33;14,41;13,78;104,3;0,19;0,58;-0,57;103,7;104,9;104;104,9;1622,3;0,17;-1,85;1619,6;1610,1;1640,4;1652,8;7,14;1,13;5,15;7,06;7,01;6,85;6,79;1,217;3,21;9,51;1,1792;1,1255;1,1063;1,11;204758;13,43;-2,27;180507;200181;180225;209509
2021_01;1;0;4,54;100,37;-0,23;-4,43;100,6;100,66;86,3;105,02;15,98;-0,93;10,9;16,13;16,26;15,33;14,41;103,9;-0,38;0,86;0,48;104;103,2;104,4;103,4;1625,4;0,19;-0,91;1622,3;1619,6;1610,1;1640,4;7,25;1,54;5,84;7,14;7,06;7,01;6,85;1,2171;3,36;9,65;1,1775;1,1463;1,0862;1,11;178639;-12,76;-0,88;204758;180507;200181;180225
2021_02;1;0;4,55;100,37;-0,23;-4,43;100,6;100,66;86,3;105,02;15,98;-0,93;10,9;16,13;16,26;15,33;14,41;103,3;-0,58;0,86;-0,1;104,1;103,2;104,4;103,4;1625,4;0,19;-0,91;1622,3;1619,6;1610,1;1640,4;7,25;1,54;5,84;7,14;7,06;7,01;6,85;1,2098;2,2;10,94;1,1838;1,1828;1,0902;1,09;178639;-12,76;-0,88;204758;180507;200181;180225
2021_03;1;0;4,51;100,37;-0,23;-4,43;100,6;100,66;86,3;105,02;15,98;-0,93;10,9;16,13;16,26;15,33;14,41;105,2;1,84;0,86;1,15;104,3;103,7;104,9;104;1625,4;0,19;-0,91;1622,3;1619,6;1610,1;1640,4;7,25;1,54;5,84;7,14;7,06;7,01;6,85;1,1899;-2,23;7,56;1,217;1,1792;1,1255;1,11;178639;-12,76;-0,88;204758;180507;200181;180225
2021_04;1;0;4,53;101,73;1,35;17,88;100,37;100,6;100,66;86,3;15,26;-4,51;-0,46;15,98;16,13;16,26;15,33;106,4;1,14;2,19;1,92;103,9;104;103,2;104,4;1649,2;1,46;2,43;1625,4;1622,3;1619,6;1610,1;7,29;0,55;3,99;7,25;7,14;7,06;7,01;1,1979;-1,58;10,28;1,2171;1,1775;1,1463;1,09;212695;19,06;6,25;178639;204758;180507;200181
2021_05;1;0;4,55;101,73;1,35;17,88;100,37;100,6;100,66;86,3;15,26;-4,51;-0,46;15,98;16,13;16,26;15,33;107;0,56;2,19;2,49;103,3;104,1;103,2;104,4;1649,2;1,46;2,43;1625,4;1622,3;1619,6;1610,1;7,29;0,55;3,99;7,25;7,14;7,06;7,01;1,2146;0,4;11,41;1,2098;1,1838;1,1828;1,09;212695;19,06;6,25;178639;204758;180507;200181
2021_06;1;0;4,4;101,73;1,35;17,88;100,37;100,6;100,66;86,3;15,26;-4,51;-0,46;15,98;16,13;16,26;15,33;107,5;0,47;2,19;2,48;105,2;104,3;103,7;104,9;1649,2;1,46;2,43;1625,4;1622,3;1619,6;1610,1;7,29;0,55;3,99;7,25;7,14;7,06;7,01;1,2047;1,24;7,04;1,1899;1,217;1,1792;1,13;212695;19,06;6,25;178639;204758;180507;200181
2021_07;1;0;4,39;104,89;3,11;4,2;101,73;100,37;100,6;100,66;14,57;-4,52;-10,39;15,26;15,98;16,13;16,26;106,2;-1,21;0,37;2,91;106,4;103,9;104;103,2;1661,6;0,75;2,59;1649,2;1625,4;1622,3;1619,6;7,41;1,65;4,96;7,29;7,25;7,14;7,06;1,1822;-1,31;3,13;1,1979;1,2171;1,1775;1,15;183578;-13,69;1,7;212695;178639;204758;180507
2021_08;1;0;4,43;104,89;3,11;4,2;101,73;100,37;100,6;100,66;14,57;-4,52;-10,39;15,26;15,98;16,13;16,26;106,7;0,47;0,37;3,39;107;103,3;104,1;103,2;1661,6;0,75;2,59;1649,2;1625,4;1622,3;1619,6;7,41;1,65;4,96;7,29;7,25;7,14;7,06;1,1772;-3,08;-0,47;1,2146;1,2098;1,1838;1,18;183578;-13,69;1,7;212695;178639;204758;180507
2021_09;1;0;4,35;104,89;3,11;4,2;101,73;100,37;100,6;100,66;14,57;-4,52;-10,39;15,26;15,98;16,13;16,26;107,9;1,12;0,37;4,05;107,5;105,2;104,3;103,7;1661,6;0,75;2,59;1649,2;1625,4;1622,3;1619,6;7,41;1,65;4,96;7,29;7,25;7,14;7,06;1,177;-2,3;-0,19;1,2047;1,1899;1,217;1,18;183578;-13,69;1,7;212695;178639;204758;180507
2021_10;1;0;4,36;107,27;2,27;6,63;104,89;101,73;100,37;100,6;13,33;-8,51;-17,36;14,57;15,26;15,98;16,13;109,6;1,58;2,97;5,38;106,2;106,4;103,9;104;1694,1;1,96;4,43;1661,6;1649,2;1625,4;1622,3;7,53;1,62;5,46;7,41;7,29;7,25;7,14;1,1601;-1,87;-1,48;1,1822;1,1979;1,2171;1,18;214406;16,79;4,71;183578;212695;178639;204758
2021_11;1;0;4,29;107,27;2,27;6,63;104,89;101,73;100,37;100,6;13,33;-8,51;-17,36;14,57;15,26;15,98;16,13;109,9;0,27;2,97;5,57;106,7;107;103,3;104,1;1694,1;1,96;4,43;1661,6;1649,2;1625,4;1622,3;7,53;1,62;5,46;7,41;7,29;7,25;7,14;1,1414;-3,04;-3,58;1,1772;1,2146;1,2098;1,18;214406;16,79;4,71;183578;212695;178639;204758
2021_12;1;0;4,29;107,27;2,27;6,63;104,89;101,73;100,37;100,6;13,33;-8,51;-17,36;14,57;15,26;15,98;16,13;111,1;1,09;2,97;6,52;107,9;107,5;105,2;104,3;1694,1;1,96;4,43;1661,6;1649,2;1625,4;1622,3;7,53;1,62;5,46;7,41;7,29;7,25;7,14;1,1304;-3,96;-7,12;1,177;1,2047;1,1899;1,22;214406;16,79;4,71;183578;212695;178639;204758
2022_01;1;0;4,32;107,39;0,11;6,99;107,27;104,89;101,73;100,37;13,65;2,4;-14,58;13,33;14,57;15,26;15,98;110,3;-0,72;3,96;6,16;109,6;106,2;106,4;103,9;1734;2,36;6,68;1694,1;1661,6;1649,2;1625,4;7,69;2,12;6,07;7,53;7,41;7,29;7,25;1,1314;-2,47;-7,04;1,1601;1,1822;1,1979;1,22;184001;-14,18;3;214406;183578;212695;178639
2022_02;1;0;4,31;107,39;0,11;6,99;107,27;104,89;101,73;100,37;13,65;2,4;-14,58;13,33;14,57;15,26;15,98;111,2;0,82;3,96;7,65;109,9;106,7;107;103,3;1734;2,36;6,68;1694,1;1661,6;1649,2;1625,4;7,69;2,12;6,07;7,53;7,41;7,29;7,25;1,1342;-0,63;-6,25;1,1414;1,1772;1,2146;1,21;184001;-14,18;3;214406;183578;212695;178639
2022_03;1;0;4,24;107,39;0,11;6,99;107,27;104,89;101,73;100,37;13,65;2,4;-14,58;13,33;14,57;15,26;15,98;115,5;3,87;3,96;9,79;111,1;107,9;107,5;105,2;1734;2,36;6,68;1694,1;1661,6;1649,2;1625,4;7,69;2,12;6,07;7,53;7,41;7,29;7,25;1,1019;-2,52;-7,4;1,1304;1,177;1,2047;1,19;184001;-14,18;3;214406;183578;212695;178639
2022_04;1;0;4,19;109,48;1,95;7,62;107,39;107,27;104,89;101,73;12,48;-8,57;-18,22;13,65;13,33;14,57;15,26;115,2;-0,26;2,34;8,27;110,3;109,6;106,2;106,4;1740,7;0,39;5,55;1734;1694,1;1661,6;1649,2;7,72;0,39;5,9;7,69;7,53;7,41;7,29;1,0819;-4,38;-9,68;1,1314;1,1601;1,1822;1,2;223571;21,51;5,11;184001;214406;183578;212695
2022_05;1;0;4,18;109,48;1,95;7,62;107,39;107,27;104,89;101,73;12,48;-8,57;-18,22;13,65;13,33;14,57;15,26;116;0,69;2,34;8,41;111,2;109,9;106,7;107;1740,7;0,39;5,55;1734;1694,1;1661,6;1649,2;7,72;0,39;5,9;7,69;7,53;7,41;7,29;1,0579;-6,73;-12,9;1,1342;1,1414;1,1772;1,21;223571;21,51;5,11;184001;214406;183578;212695
2022_06;1;0;3,88;109,48;1,95;7,62;107,39;107,27;104,89;101,73;12,48;-8,57;-18,22;13,65;13,33;14,57;15,26;118,2;1,9;2,34;9,95;115,5;111,1;107,9;107,5;1740,7;0,39;5,55;1734;1694,1;1661,6;1649,2;7,72;0,39;5,9;7,69;7,53;7,41;7,29;1,0566;-4,11;-12,29;1,1019;1,1304;1,177;1,2;223571;21,51;5,11;184001;214406;183578;212695
2022_07;1;0;3,85;109,54;0,05;4,43;109,48;107,39;107,27;104,89;12,67;1,52;-13,04;12,48;13,65;13,33;14,57;117,5;-0,59;-0,51;10,64;115,2;110,3;109,6;106,2;1740;-0,04;4,72;1740,7;1734;1694,1;1661,6;7,85;1,68;5,94;7,72;7,69;7,53;7,41;1,0179;-5,92;-13,9;1,0819;1,1314;1,1601;1,18;186600;-16,54;1,65;223571;184001;214406;183578
2022_08;1;0;3,86;109,54;0,05;4,43;109,48;107,39;107,27;104,89;12,67;1,52;-13,04;12,48;13,65;13,33;14,57;117,8;0,26;-0,51;10,4;116;111,2;109,9;106,7;1740;-0,04;4,72;1740,7;1734;1694,1;1661,6;7,85;1,68;5,94;7,72;7,69;7,53;7,41;1,0128;-4,26;-13,97;1,0579;1,1342;1,1414;1,18;186600;-16,54;1,65;223571;184001;214406;183578
2022_09;1;0;3,79;109,54;0,05;4,43;109,48;107,39;107,27;104,89;12,67;1,52;-13,04;12,48;13,65;13,33;14,57;117,6;-0,17;-0,51;8,99;118,2;115,5;111,1;107,9;1740;-0,04;4,72;1740,7;1734;1694,1;1661,6;7,85;1,68;5,94;7,72;7,69;7,53;7,41;0,9904;-6,27;-15,85;1,0566;1,1019;1,1304;1,18;186600;-16,54;1,65;223571;184001;214406;183578
